order_id,order_date,updated_date,status,channel,fulfillment,shipping_tier,product_id,category,quantity,currency,unit_price,tax,shipping_cost,discount,city,state,country,payment_method,is_business
ORD-0050,2026-03-01 07:06:30,2026-03-02 15:41:39,Shipped,MX,Seller,Standard,PROD-22,Seasoning,1,MXN,99.0,,42.73,,SAN PEDRO GARZA GARCIA,NUEVO LEON,MX,CreditCard,False
ORD-0050,2026-03-01 07:06:30,2026-03-02 15:41:39,Shipped,MX,Seller,Standard,PROD-17,Bundle,1,MXN,540.0,,53.08,,SAN PEDRO GARZA GARCIA,NUEVO LEON,MX,CreditCard,False
ORD-0585,2026-03-01 03:10:20,2026-03-02 15:43:44,Shipped,MX,Seller,Standard,PROD-26,Seasoning,1,MXN,99.0,,29.11,,CORREGIDORA,QUERETARO,MX,CreditCard,False
ORD-0585,2026-03-01 03:10:20,2026-03-02 15:43:44,Shipped,MX,Seller,Standard,PROD-40,Smoked Salt,1,MXN,135.0,,29.75,,CORREGIDORA,QUERETARO,MX,CreditCard,False
ORD-0585,2026-03-01 03:10:20,2026-03-02 15:43:44,Shipped,MX,Seller,Standard,PROD-08,Snack,1,MXN,150.0,,28.41,,CORREGIDORA,QUERETARO,MX,CreditCard,False
ORD-0083,2026-03-01 02:25:45,2026-03-02 15:41:39,Shipped,MX,Seller,Standard,PROD-44,Smoked Salt,1,MXN,135.0,,83.02,,SANTIAGO DE QUERETARO,QUERETARO,MX,CreditCard,False
ORD-0306,2026-03-01 02:01:40,2026-03-01 08:49:51,Cancelled,MX,Seller,Standard,PROD-33,Seasoning,0,,,,,,CIUDAD DE MEXICO,CIUDAD DE MEXICO,MX,CreditCard,False
ORD-0110,2026-03-01 00:44:42,2026-03-02 15:41:40,Shipped,MX,Seller,Standard,PROD-44,Smoked Salt,1,MXN,135.0,,43.02,,CIUDAD DE MEXICO,CIUDAD DE MEXICO,MX,CreditCard,False
ORD-0110,2026-03-01 00:44:42,2026-03-02 15:41:40,Shipped,MX,Seller,Standard,PROD-22,Seasoning,1,MXN,99.0,,42.73,,CIUDAD DE MEXICO,CIUDAD DE MEXICO,MX,CreditCard,False
ORD-0609,2026-02-28 21:56:01,2026-03-02 15:44:42,Shipped,MX,Seller,Standard,PROD-29,Seasoning,1,MXN,99.0,13.66,71.13,,CIUDAD DE MEXICO,CIUDAD DE MEXICO,MX,CreditCard,False
ORD-0269,2026-02-28 21:40:53,2026-03-01 10:24:47,Shipped,MX,Platform,Standard,PROD-13,Bundle,1,MXN,799.2,,,,HEROICA PUEBLA DE ZARAGOZA,PUEBLA,MX,Installments,False
ORD-0354,2026-02-28 19:55:24,2026-03-02 15:41:40,Shipped,MX,Seller,Standard,PROD-10,Bundle,1,MXN,495.0,,114.99,,MOROLEON,GUANAJUATO,MX,CreditCard,False
ORD-0329,2026-02-28 12:35:00,2026-02-28 19:50:27,Shipped,MX,Platform,Standard,PROD-13,Bundle,1,MXN,799.2,,,,TUXPAN,VERACRUZ DE IGNACIO DE LA LLAVE,MX,CreditCard,False
ORD-0534,2026-02-28 03:09:07,2026-03-04 08:10:56,Shipped,MX,Platform,Expedited,PROD-11,Bundle,1,MXN,611.0,,,,ZAPOPAN,JALISCO,MX,CreditCard,False
ORD-0282,2026-02-27 22:39:40,2026-03-01 00:18:31,Shipped,MX,Platform,Standard,PROD-15,Bundle,1,MXN,356.4,,,,CIUDAD DE MÉXICO,DISTRITO FEDERAL,MX,CreditCard,False
ORD-0488,2026-02-27 20:38:11,2026-03-04 03:33:34,Shipped,MX,Platform,Standard,PROD-13,Bundle,1,MXN,799.2,,,,CIUDAD DE MEXICO,CIUDAD DE MEXICO,MX,CreditCard,False
ORD-0235,2026-02-27 18:05:20,2026-03-03 19:03:01,Shipped,MX,Platform,Expedited,PROD-15,Bundle,1,MXN,356.4,,,,CUERNAVACA,MORELOS,MX,CreditCard,False
ORD-0132,2026-02-27 17:31:21,2026-03-01 00:20:48,Shipped,MX,Platform,Standard,PROD-15,Bundle,1,MXN,356.4,,,71.28,CIUDAD DE MEXICO,CIUDAD DE MEXICO,MX,CreditCard,False
ORD-0003,2026-02-27 17:17:00,2026-02-27 17:32:17,Cancelled,MX,Platform,Standard,PROD-13,Bundle,0,,,,,,CIUDAD DE MEXICO,CIUDAD DE MEXICO,MX,CreditCard,False
ORD-0228,2026-02-27 16:56:31,2026-03-05 02:53:45,Shipped,MX,Platform,Expedited,PROD-11,Bundle,1,MXN,611.0,,,,PROGRESO,YUCATAN,MX,CreditCard,False
ORD-0579,2026-02-27 15:46:54,2026-03-01 04:54:49,Shipped,MX,Platform,Standard,PROD-15,Bundle,1,MXN,356.4,,,71.28,OCOYOACAC,MEXICO,MX,CreditCard,False
ORD-0427,2026-02-27 15:28:27,2026-02-28 00:25:45,Shipped,MX,Platform,Expedited,PROD-13,Bundle,1,MXN,799.2,,,,CIUDAD DE MEXICO,CIUDAD DE MEXICO,MX,CreditCard,False
ORD-0185,2026-02-27 00:29:34,2026-02-28 04:53:40,Shipped,MX,Platform,Standard,PROD-11,Bundle,1,MXN,611.0,,,,NUEVO LAREDO,TAMAULIPAS,MX,Other,False
ORD-0399,2026-02-26 21:16:18,2026-02-27 08:34:07,Shipped,MX,Seller,Standard,PROD-39,Smoked Salt,1,MXN,135.0,,83.02,,HEROICA PUEBLA DE ZARAGOZA,PUEBLA,MX,CreditCard,False
ORD-0375,2026-02-26 20:45:40,2026-02-28 00:26:41,Shipped,MX,Platform,Standard,PROD-15,Bundle,1,MXN,356.4,,,,HERMOSILLO,SONORA,MX,CreditCard,False
ORD-0079,2026-02-26 19:24:20,2026-02-27 08:49:23,Shipped,MX,Seller,Standard,PROD-39,Smoked Salt,1,MXN,135.0,,83.02,,CIUDAD DE MEXICO,CIUDAD DE MEXICO,MX,CreditCard,False
ORD-0248,2026-02-26 18:58:24,2026-02-26 22:44:48,Shipped,MX,Platform,Expedited,PROD-15,Bundle,1,MXN,356.4,,,71.28,CIUDAD APODACA,NUEVO LEON,MX,CreditCard,False
ORD-0056,2026-02-26 18:51:10,2026-02-26 20:43:52,Shipped,MX,Seller,Standard,PROD-46,Sauce,2,MXN,198.0,,88.83,,MERIDA,YUCATAN,MX,CreditCard,False
ORD-0221,2026-02-26 16:14:22,2026-02-27 04:58:23,Shipped,MX,Platform,Expedited,PROD-13,Bundle,1,MXN,799.2,,17.5,,IRAPUATO,GUANAJUATO,MX,CreditCard,False
ORD-0524,2026-02-26 15:53:59,2026-02-26 17:11:46,Shipped,MX,Seller,Standard,PROD-40,Smoked Salt,1,MXN,135.0,,83.08,,ZAPOPAN,JALISCO,MX,CreditCard,False
ORD-0249,2026-02-26 13:59:16,2026-02-26 19:45:37,Shipped,MX,Platform,Expedited,PROD-13,Bundle,1,MXN,799.2,,45.0,,GUADALUPE,NUEVO LEON,MX,"GiftCertificate, CreditCard",False
ORD-0383,2026-02-26 13:44:20,2026-02-26 13:45:22,Cancelled,MX,Platform,Expedited,PROD-13,Bundle,0,,,,,,GUADALUPE,NUEVO LEON,MX,CreditCard,False
ORD-0500,2026-02-26 05:08:34,2026-02-28 02:54:44,Shipped,MX,Seller,Standard,PROD-40,Smoked Salt,1,MXN,135.0,,83.08,,TLAQUEPAQUE,JALISCO,MX,CreditCard,False
ORD-0553,2026-02-26 04:46:42,2026-02-27 04:57:31,Shipped,MX,Platform,Standard,PROD-13,Bundle,1,MXN,799.2,,,,GENERAL ZUAZUA,NUEVO LEON,MX,"GiftCertificate, CreditCard",False
ORD-0040,2026-02-25 23:50:32,2026-02-26 15:58:13,Shipped,MX,Seller,Standard,PROD-38,Smoked Salt,1,MXN,135.0,,83.02,,CIUDAD DE MEXICO,CIUDAD DE MEXICO,MX,CreditCard,False
ORD-0146,2026-02-25 19:36:32,2026-02-25 20:31:22,Shipped,MX,Seller,Standard,PROD-49,Sauce,6,MXN,594.0,,107.05,,MONTERREY,NUEVO LEON,MX,CreditCard,False
ORD-0378,2026-02-25 18:37:31,2026-02-26 00:25:21,Shipped,MX,Platform,Standard,PROD-13,Bundle,1,MXN,799.2,,,,ECATEPEC DE MORELOS,MEXICO,MX,CreditCard,False
ORD-0078,2026-02-25 17:33:17,2026-02-26 04:56:21,Shipped,MX,Platform,Standard,PROD-13,Bundle,1,MXN,799.2,,29.0,,BAHIA DE BANDERAS,NAYARIT,MX,CreditCard,False
ORD-0119,2026-02-25 16:28:27,2026-02-26 09:57:15,Shipped,MX,Platform,Expedited,PROD-15,Bundle,1,MXN,356.4,,,71.28,CIUDAD GENERAL ESCOBEDO,NUEVO LEON,MX,CreditCard,False
ORD-0401,2026-02-25 15:55:40,2026-02-25 16:50:36,Shipped,MX,Seller,Standard,PROD-25,Seasoning,1,MXN,99.0,,18.25,,CIUDAD BENITO JUAREZ,NUEVO LEON,MX,CreditCard,False
ORD-0401,2026-02-25 15:55:40,2026-02-25 16:50:36,Shipped,MX,Seller,Standard,PROD-22,Seasoning,1,MXN,99.0,,18.73,,CIUDAD BENITO JUAREZ,NUEVO LEON,MX,CreditCard,False
ORD-0401,2026-02-25 15:55:40,2026-02-25 16:50:36,Shipped,MX,Seller,Standard,PROD-30,Seasoning,1,MXN,99.0,,17.27,,CIUDAD BENITO JUAREZ,NUEVO LEON,MX,CreditCard,False
ORD-0401,2026-02-25 15:55:40,2026-02-25 16:50:36,Shipped,MX,Seller,Standard,PROD-23,Seasoning,1,MXN,99.0,,18.44,,CIUDAD BENITO JUAREZ,NUEVO LEON,MX,CreditCard,False
ORD-0401,2026-02-25 15:55:40,2026-02-25 16:50:36,Shipped,MX,Seller,Standard,PROD-24,Seasoning,1,MXN,99.0,,16.0,,CIUDAD BENITO JUAREZ,NUEVO LEON,MX,CreditCard,False
ORD-0149,2026-02-25 15:06:55,2026-03-04 10:29:51,Shipped,MX,Seller,Standard,PROD-40,Smoked Salt,1,MXN,135.0,,83.08,,CIUDAD DE MEXICO,CIUDAD DE MEXICO,MX,CreditCard,False
ORD-0332,2026-02-25 14:28:36,2026-02-25 18:28:59,Shipped,MX,Seller,Standard,PROD-17,Bundle,1,MXN,540.0,,93.08,,CIUDAD DE MEXICO,CIUDAD DE MEXICO,MX,"GiftCertificate, CreditCard",False
ORD-0133,2026-02-25 13:47:25,2026-02-25 13:50:24,Cancelled,MX,Platform,Standard,PROD-13,Bundle,0,,,,,,CIUDAD DE MEXICO,CIUDAD DE MEXICO,MX,CreditCard,False
ORD-0216,2026-02-25 13:42:20,2026-02-25 13:45:32,Cancelled,MX,Platform,Standard,PROD-13,Bundle,0,,,,,,CIUDAD DE MEXICO,CIUDAD DE MEXICO,MX,CreditCard,False
ORD-0573,2026-02-25 07:08:20,2026-02-25 07:10:04,Cancelled,MX,Seller,Standard,PROD-33,Seasoning,0,,,,,,MONTERREY,NUEVO LEON,MX,CreditCard,False
ORD-0573,2026-02-25 07:08:20,2026-02-25 07:10:04,Cancelled,MX,Seller,Standard,PROD-26,Seasoning,0,,,,,,MONTERREY,NUEVO LEON,MX,CreditCard,False
ORD-0573,2026-02-25 07:08:20,2026-02-25 07:10:04,Cancelled,MX,Seller,Standard,PROD-29,Seasoning,0,,,,,,MONTERREY,NUEVO LEON,MX,CreditCard,False
ORD-0573,2026-02-25 07:08:20,2026-02-25 07:10:04,Cancelled,MX,Seller,Standard,PROD-44,Smoked Salt,0,,,,,,MONTERREY,NUEVO LEON,MX,CreditCard,False
ORD-0438,2026-02-25 05:28:15,2026-02-26 02:01:24,Shipped,MX,Seller,Standard,PROD-26,Seasoning,1,MXN,99.0,,82.44,,MEXICALI,BAJA CALIFORNIA,MX,CreditCard,False
ORD-0087,2026-02-25 04:58:09,2026-02-28 05:28:44,Cancelled,MX,Seller,Standard,PROD-17,Bundle,0,,,,,,TUXPAN,VERACRUZ DE IGNACIO DE LA LLAVE,MX,CreditCard,False
ORD-0322,2026-02-25 02:39:52,2026-02-25 15:20:31,Shipped,MX,Seller,Standard,PROD-40,Smoked Salt,1,MXN,135.0,,29.74,,CORREGIDORA,QUERETARO,MX,CreditCard,False
ORD-0322,2026-02-25 02:39:52,2026-02-25 15:20:31,Shipped,MX,Seller,Standard,PROD-26,Seasoning,1,MXN,99.0,,29.11,,CORREGIDORA,QUERETARO,MX,CreditCard,False
ORD-0322,2026-02-25 02:39:52,2026-02-25 15:20:31,Shipped,MX,Seller,Standard,PROD-08,Snack,1,MXN,150.0,,28.42,,CORREGIDORA,QUERETARO,MX,CreditCard,False
ORD-0337,2026-02-25 02:33:15,2026-02-25 20:23:55,Shipped,MX,Seller,Standard,PROD-40,Smoked Salt,1,MXN,135.0,,83.08,,CANCUN,QUINTANA ROO,MX,CreditCard,False
ORD-0077,2026-02-25 02:29:28,2026-02-27 05:37:24,Shipped,MX,Seller,Standard,PROD-40,Smoked Salt,4,MXN,540.0,,92.32,,MERIDA,YUCATAN,MX,CreditCard,False
ORD-0236,2026-02-25 02:06:43,2026-02-25 15:22:45,Shipped,MX,Seller,Standard,PROD-33,Seasoning,1,MXN,99.0,,40.13,,CIUDAD ADOLFO LOPEZ MATEOS,MEXICO,MX,CreditCard,False
ORD-0236,2026-02-25 02:06:43,2026-02-25 15:22:45,Shipped,MX,Seller,Standard,PROD-29,Seasoning,1,MXN,99.0,13.66,36.65,,CIUDAD ADOLFO LOPEZ MATEOS,MEXICO,MX,CreditCard,False
ORD-0486,2026-02-24 23:39:21,2026-02-25 15:20:29,Shipped,MX,Seller,Standard,PROD-17,Bundle,1,MXN,540.0,,93.08,,CIUDAD GUZMAN,JALISCO,MX,CreditCard,False
ORD-0278,2026-02-24 22:45:52,2026-02-24 22:46:21,Cancelled,MX,Seller,Standard,PROD-29,Seasoning,0,,,,,,CORREGIDORA,QUERETARO,MX,CreditCard,False
ORD-0011,2026-02-24 22:45:13,2026-02-24 22:47:02,Cancelled,MX,Seller,Standard,PROD-40,Smoked Salt,0,,,,,,CORREGIDORA,QUERETARO,MX,CreditCard,False
ORD-0011,2026-02-24 22:45:13,2026-02-24 22:47:02,Cancelled,MX,Seller,Standard,PROD-26,Seasoning,0,,,,,,CORREGIDORA,QUERETARO,MX,CreditCard,False
ORD-0209,2026-02-24 20:14:11,2026-02-25 23:30:12,Shipped,MX,Seller,Standard,PROD-31,Seasoning,1,MXN,99.0,,28.91,,OCOYOACAC,MEXICO,MX,CreditCard,False
ORD-0209,2026-02-24 20:14:11,2026-02-25 23:30:12,Shipped,MX,Seller,Standard,PROD-22,Seasoning,1,MXN,99.0,,29.4,,OCOYOACAC,MEXICO,MX,CreditCard,False
ORD-0209,2026-02-24 20:14:11,2026-02-25 23:30:12,Shipped,MX,Seller,Standard,PROD-33,Seasoning,1,MXN,99.0,,26.8,,OCOYOACAC,MEXICO,MX,CreditCard,False
ORD-0466,2026-02-24 16:33:23,2026-02-27 18:14:05,Cancelled,MX,Platform,Standard,PROD-11,Bundle,0,,,,,,SOLIDARIDAD,QUINTANA ROO,MX,CreditCard,False
ORD-0394,2026-02-24 16:31:41,2026-02-24 16:33:00,Cancelled,MX,Platform,Standard,PROD-11,Bundle,0,,,,,,VALLADOLID,YUCATAN,MX,CreditCard,False
ORD-0347,2026-02-24 15:35:56,2026-02-25 08:37:13,Shipped,MX,Seller,Standard,PROD-40,Smoked Salt,1,MXN,135.0,,83.08,,METEPEC,MEXICO,MX,"GiftCertificate, CreditCard",False
ORD-0605,2026-02-24 05:49:45,2026-02-26 20:39:02,Shipped,MX,Seller,Standard,PROD-33,Seasoning,1,MXN,99.0,,80.13,,ZAPOPAN,JALISCO,MX,"CreditCard, GiftCertificate",False
ORD-0031,2026-02-24 04:06:22,2026-02-24 15:02:53,Shipped,MX,Seller,Standard,PROD-26,Seasoning,1,MXN,99.0,,82.44,,IXTAPALUCA,MEXICO,MX,CreditCard,False
ORD-0576,2026-02-23 23:36:35,2026-02-24 15:05:31,Shipped,MX,Seller,Standard,PROD-10,Bundle,1,MXN,495.0,,114.99,,HUIXQUILUCAN DE DEGOLLADO,MEXICO,MX,CreditCard,False
ORD-0205,2026-02-23 18:49:26,2026-02-24 02:52:31,Shipped,MX,Platform,Expedited,PROD-11,Bundle,1,MXN,611.0,,,,SALTILLO,COAHUILA DE ZARAGOZA,MX,CreditCard,False
ORD-0312,2026-02-23 15:35:36,2026-02-25 09:58:04,Shipped,MX,Platform,Standard,PROD-13,Bundle,1,MXN,799.2,,,,JUAREZ,CHIHUAHUA,MX,CreditCard,False
ORD-0512,2026-02-23 05:20:12,2026-03-10 12:31:00,Shipped,MX,Seller,Standard,PROD-33,Seasoning,1,MXN,99.0,,80.13,,MONTEMORELOS,NUEVO LEON,MX,CreditCard,False
ORD-0141,2026-02-23 01:00:38,2026-02-23 05:36:45,Shipped,MX,Platform,Standard,PROD-13,Bundle,1,MXN,799.2,,,,METEPEC,MÉXICO,MX,CreditCard,False
ORD-0474,2026-02-23 00:39:08,2026-02-23 15:18:14,Shipped,MX,Seller,Standard,PROD-40,Smoked Salt,1,MXN,135.0,,83.08,,CIUDAD DE MEXICO,CIUDAD DE MEXICO,MX,CreditCard,False
ORD-0580,2026-02-22 23:48:12,2026-02-24 00:04:33,Shipped,MX,Seller,Standard,PROD-40,Smoked Salt,1,MXN,135.0,,83.08,,TIJUANA,BAJA CALIFORNIA,MX,CreditCard,False
ORD-0057,2026-02-22 22:40:57,2026-02-23 15:21:26,Shipped,MX,Seller,Expedited,PROD-33,Seasoning,1,MXN,99.0,,75.13,,CHIHUAHUA,CHIHUAHUA,MX,CreditCard,False
ORD-0057,2026-02-22 22:40:57,2026-02-23 15:21:26,Shipped,MX,Seller,Expedited,PROD-40,Smoked Salt,1,MXN,135.0,,78.08,,CHIHUAHUA,CHIHUAHUA,MX,CreditCard,False
ORD-0617,2026-02-22 22:27:58,2026-02-23 06:33:38,Shipped,MX,Platform,Expedited,PROD-11,Bundle,1,MXN,611.0,,,,CIUDAD DE MEXICO,CIUDAD DE MEXICO,MX,Installments,False
ORD-0506,2026-02-22 21:16:38,2026-02-23 23:59:16,Shipped,MX,Platform,Expedited,PROD-13,Bundle,1,MXN,799.2,,,,CIUDAD APODACA,NUEVO LEON,MX,CreditCard,False
ORD-0229,2026-02-22 14:25:39,2026-02-25 08:31:30,Shipped,MX,Platform,Standard,PROD-13,Bundle,1,MXN,799.2,,,,HUIXQUILUCAN DE DEGOLLADO,MEXICO,MX,Installments,False
ORD-0210,2026-02-22 04:26:58,2026-02-26 00:39:03,Shipped,MX,Platform,Expedited,PROD-11,Bundle,1,MXN,611.0,,,,PUERTO VALLARTA,JALISCO,MX,CreditCard,False
ORD-0025,2026-02-22 04:09:20,2026-02-23 04:52:57,Shipped,MX,Platform,Standard,PROD-13,Bundle,1,MXN,799.2,,29.0,,PESQUERIA,NUEVO LEON,MX,CreditCard,False
ORD-0479,2026-02-21 22:49:34,2026-03-10 04:51:18,Shipped,MX,Seller,Standard,PROD-14,Bundle,1,MXN,600.0,,80.0,,CIUDAD DE MEXICO,CIUDAD DE MEXICO,MX,CreditCard,False
ORD-0369,2026-02-21 21:16:31,2026-02-23 09:58:03,Shipped,MX,Platform,Standard,PROD-11,Bundle,3,MXN,1833.0,,,,CIUDAD GENERAL ESCOBEDO,NUEVO LEON,MX,CreditCard,False
ORD-0362,2026-02-21 20:19:34,2026-02-21 20:20:39,Cancelled,MX,Seller,Standard,PROD-49,Sauce,0,,,,,,CIUDAD DE MEXICO,CIUDAD DE MEXICO,MX,CreditCard,False
ORD-0364,2026-02-21 17:39:49,2026-02-22 04:51:34,Shipped,MX,Platform,Standard,PROD-13,Bundle,1,MXN,799.2,,,,TIJUANA,BAJA CALIFORNIA,MX,CreditCard,False
ORD-0469,2026-02-21 16:43:59,2026-02-22 04:51:36,Shipped,MX,Platform,Standard,PROD-13,Bundle,1,MXN,799.2,,,,GUANAJUATO,GUANAJUATO,MX,"GiftCertificate, CreditCard",False
ORD-0071,2026-02-21 15:34:41,2026-02-21 18:07:51,Shipped,MX,Seller,Standard,PROD-31,Seasoning,1,MXN,99.0,,82.25,,HUIXQUILUCAN DE DEGOLLADO,MÉXICO,MX,CreditCard,False
ORD-0353,2026-02-21 04:50:20,2026-02-21 17:16:05,Shipped,MX,Seller,Standard,PROD-40,Smoked Salt,1,MXN,135.0,,83.08,,CIUDAD DE MEXICO,CIUDAD DE MEXICO,MX,CreditCard,False
ORD-0177,2026-02-21 04:37:47,2026-02-22 08:34:22,Shipped,MX,Platform,Expedited,PROD-13,Bundle,1,MXN,799.2,,,,CIUDAD DE MEXICO,CIUDAD DE MEXICO,MX,CreditCard,False
ORD-0618,2026-02-21 04:08:17,2026-02-22 08:39:34,Shipped,MX,Seller,Standard,PROD-40,Smoked Salt,1,MXN,135.0,,83.08,,CIUDAD DE MEXICO,CIUDAD DE MEXICO,MX,CreditCard,False
ORD-0061,2026-02-20 23:53:41,2026-02-21 14:47:22,Shipped,MX,Seller,Standard,PROD-24,Seasoning,1,MXN,99.0,,80.0,,TIJUANA,BAJA CALIFORNIA,MX,CreditCard,False
ORD-0602,2026-02-20 15:48:41,2026-02-20 18:15:34,Shipped,MX,Seller,Standard,PROD-33,Seasoning,4,MXN,396.0,,80.51,,SAN ANDRES CHOLULA,PUEBLA,MX,CreditCard,False
ORD-0102,2026-02-20 15:39:40,2026-02-20 15:40:41,Cancelled,MX,Seller,Standard,PROD-33,Seasoning,0,,,,,,SAN ANDRES CHOLULA,PUEBLA,MX,CreditCard,False
ORD-0204,2026-02-20 13:30:52,2026-02-21 04:34:49,Shipped,MX,Platform,Expedited,PROD-11,Bundle,1,MXN,611.0,,,,Queretaro,Queretaro,MX,CreditCard,False
ORD-0591,2026-02-20 12:25:59,2026-02-20 18:47:08,Shipped,MX,Seller,Standard,PROD-26,Seasoning,1,MXN,99.0,,29.1,,tampico,tamaulipas,MX,CreditCard,False
ORD-0591,2026-02-20 12:25:59,2026-02-20 18:47:08,Shipped,MX,Seller,Standard,PROD-22,Seasoning,1,MXN,99.0,,29.4,,tampico,tamaulipas,MX,CreditCard,False
ORD-0591,2026-02-20 12:25:59,2026-02-20 18:47:08,Shipped,MX,Seller,Standard,PROD-20,Seasoning,1,MXN,99.0,,28.92,,tampico,tamaulipas,MX,CreditCard,False
ORD-0091,2026-02-20 02:32:24,2026-02-20 12:44:11,Cancelled,MX,Seller,Standard,PROD-26,Seasoning,0,,,,,,tampico,tamaulipas,MX,CreditCard,False
ORD-0091,2026-02-20 02:32:24,2026-02-20 12:44:11,Cancelled,MX,Seller,Standard,PROD-20,Seasoning,0,,,,,,tampico,tamaulipas,MX,CreditCard,False
ORD-0091,2026-02-20 02:32:24,2026-02-20 12:44:11,Cancelled,MX,Seller,Standard,PROD-22,Seasoning,0,,,,,,tampico,tamaulipas,MX,CreditCard,False
ORD-0540,2026-02-20 02:18:36,2026-02-21 16:26:26,Shipped,MX,Platform,Standard,PROD-13,Bundle,1,MXN,799.2,,,,MEXICALI,BAJA CALIFORNIA,MX,CreditCard,False
ORD-0471,2026-02-20 01:59:38,2026-02-20 15:01:15,Shipped,MX,Seller,Standard,PROD-17,Bundle,1,MXN,540.0,,93.08,,ENSENADA,BAJA CALIFORNIA,MX,CreditCard,False
ORD-0570,2026-02-19 20:44:38,2026-02-19 21:49:13,Shipped,MX,Seller,Standard,PROD-40,Smoked Salt,1,MXN,135.0,,83.08,,CHIHUAHUA,CHIHUAHUA,MX,CreditCard,False
ORD-0030,2026-02-19 20:10:57,2026-02-20 10:21:19,Shipped,MX,Seller,Standard,PROD-40,Smoked Salt,1,MXN,135.0,,43.08,,MERIDA,YUCATAN,MX,CreditCard,False
ORD-0030,2026-02-19 20:10:57,2026-02-20 10:21:19,Shipped,MX,Seller,Standard,PROD-26,Seasoning,1,MXN,99.0,,42.44,,MERIDA,YUCATAN,MX,CreditCard,False
ORD-0111,2026-02-19 18:35:33,2026-02-19 19:14:56,Shipped,MX,Seller,Standard,PROD-23,Seasoning,6,MXN,594.0,,94.67,,ZAPOPAN,JALISCO,MX,CreditCard,False
ORD-0510,2026-02-19 17:31:50,2026-02-19 18:16:31,Shipped,MX,Seller,Standard,PROD-40,Smoked Salt,1,MXN,135.0,,83.08,,MERIDA,YUCATAN,MX,CreditCard,False
ORD-0213,2026-02-19 17:20:33,2026-02-22 04:59:57,Shipped,MX,Platform,Expedited,PROD-13,Bundle,1,MXN,799.2,,,,REYNOSA,TAMAULIPAS,MX,Other,False
ORD-0545,2026-02-19 16:50:15,2026-02-20 01:59:06,Cancelled,MX,Seller,Standard,PROD-17,Bundle,0,,,,,,ENSENADA,BAJA CALIFORNIA,MX,CreditCard,False
ORD-0323,2026-02-19 16:36:19,2026-02-19 16:49:05,Cancelled,MX,Seller,Standard,PROD-17,Bundle,0,,,,,,ENSENADA,BAJA CALIFORNIA,MX,CreditCard,False
ORD-0290,2026-02-19 13:00:32,2026-02-19 15:13:42,Shipped,MX,Seller,Standard,PROD-40,Smoked Salt,4,MXN,540.0,,92.32,,BENITO JUAREZ,QUINTANA ROO,MX,CreditCard,False
ORD-0530,2026-02-18 23:40:49,2026-02-19 15:13:46,Shipped,MX,Seller,Standard,PROD-25,Seasoning,1,MXN,99.0,,22.25,,ATLATLAHUCAN,MORELOS,MX,CreditCard,False
ORD-0530,2026-02-18 23:40:49,2026-02-19 15:13:46,Shipped,MX,Seller,Standard,PROD-36,Seasoning,1,MXN,99.0,,22.73,,ATLATLAHUCAN,MORELOS,MX,CreditCard,False
ORD-0530,2026-02-18 23:40:49,2026-02-19 15:13:46,Shipped,MX,Seller,Standard,PROD-26,Seasoning,1,MXN,99.0,,22.44,,ATLATLAHUCAN,MORELOS,MX,CreditCard,False
ORD-0530,2026-02-18 23:40:49,2026-02-19 15:13:46,Shipped,MX,Seller,Standard,PROD-29,Seasoning,1,MXN,99.0,13.66,19.41,,ATLATLAHUCAN,MORELOS,MX,CreditCard,False
ORD-0463,2026-02-18 21:08:29,2026-02-20 04:35:05,Shipped,MX,Platform,Standard,PROD-13,Bundle,1,MXN,799.2,,9.67,,SANTIAGO DE QUERETARO,QUERETARO,MX,CreditCard,False
ORD-0453,2026-02-18 20:47:04,2026-02-18 21:44:53,Shipped,MX,Seller,Standard,PROD-40,Smoked Salt,1,MXN,135.0,,83.08,,MERIDA,YUCATAN,MX,CreditCard,False
ORD-0156,2026-02-18 16:05:55,2026-02-18 19:40:26,Shipped,MX,Platform,Expedited,PROD-13,Bundle,1,MXN,799.2,,,,MONTERREY,NUEVO LEON,MX,CreditCard,False
ORD-0082,2026-02-18 01:45:59,2026-02-18 08:47:50,Shipped,MX,Platform,Expedited,PROD-13,Bundle,1,MXN,799.2,,,,CIUDAD DE MEXICO,CIUDAD DE MEXICO,MX,Other,False
ORD-0251,2026-02-18 01:07:47,2026-02-19 09:58:58,Shipped,MX,Platform,Standard,PROD-11,Bundle,3,MXN,1649.7,,,,GUADALUPE,NUEVO LEON,MX,CreditCard,False
ORD-0597,2026-02-17 21:28:24,2026-02-18 20:52:44,Shipped,MX,Seller,Standard,PROD-40,Smoked Salt,1,MXN,135.0,,83.08,,TULUM,QUINTANA ROO,MX,CreditCard,False
ORD-0239,2026-02-17 21:08:06,2026-02-23 20:31:51,Shipped,MX,Seller,Standard,PROD-40,Smoked Salt,1,MXN,135.0,,83.08,,CIUDAD APODACA,NUEVO LEON,MX,Installments,False
ORD-0406,2026-02-17 21:05:24,2026-02-17 22:46:58,Shipped,MX,Seller,Standard,PROD-39,Smoked Salt,1,MXN,135.0,,43.02,,CIUDAD DE MEXICO,CIUDAD DE MEXICO,MX,CreditCard,False
ORD-0406,2026-02-17 21:05:24,2026-02-17 22:46:58,Shipped,MX,Seller,Standard,PROD-40,Smoked Salt,1,MXN,135.0,,43.08,,CIUDAD DE MEXICO,CIUDAD DE MEXICO,MX,CreditCard,False
ORD-0064,2026-02-17 19:45:30,2026-02-18 06:11:58,Shipped,MX,Seller,Standard,PROD-40,Smoked Salt,1,MXN,135.0,,83.08,,TLALTENANGO DE SÁNCHEZ ROMÁN,ZACATECAS,MX,CreditCard,False
ORD-0272,2026-02-17 18:36:05,2026-02-18 05:57:23,Shipped,MX,Platform,Expedited,PROD-11,Bundle,1,MXN,549.9,,,,Hermosillo,Sonora,MX,CreditCard,False
ORD-0073,2026-02-17 17:43:38,2026-02-18 08:50:27,Shipped,MX,Platform,Expedited,PROD-13,Bundle,1,MXN,799.2,,,,SAN ANDRES CHOLULA,PUEBLA,MX,CreditCard,False
ORD-0257,2026-02-17 14:48:49,2026-02-20 15:26:56,Cancelled,MX,Platform,Standard,PROD-13,Bundle,0,,,,,,MERIDA,YUCATAN,MX,CreditCard,False
ORD-0555,2026-02-17 05:08:11,2026-02-18 09:48:21,Shipped,MX,Platform,Standard,PROD-13,Bundle,1,MXN,799.2,,29.0,,SALTILLO,COAHUILA DE ZARAGOZA,MX,CreditCard,False
ORD-0336,2026-02-17 04:02:45,2026-02-17 15:07:34,Shipped,MX,Seller,Standard,PROD-25,Seasoning,2,MXN,198.0,,84.51,,CIUDAD GENERAL ESCOBEDO,NUEVO LEON,MX,CreditCard,False
ORD-0581,2026-02-16 18:36:30,2026-02-17 20:38:20,Shipped,MX,Platform,Standard,PROD-11,Bundle,1,MXN,549.9,,,,ACAPULCO DE JUAREZ,GUERRERO,MX,GiftCertificate,False
ORD-0400,2026-02-16 17:40:38,2026-02-16 17:45:35,Cancelled,MX,Platform,Expedited,PROD-11,Bundle,0,,,,,,REYNOSA,TAMAULIPAS,MX,CreditCard,False
ORD-0261,2026-02-16 15:46:33,2026-02-19 08:51:56,Shipped,MX,Platform,Standard,PROD-13,Bundle,2,MXN,1598.4,,,,AGUASCALIENTES,AGUASCALIENTES,MX,"GiftCertificate, CreditCard",False
ORD-0136,2026-02-16 13:33:46,2026-02-16 15:57:35,Shipped,MX,Seller,Standard,PROD-33,Seasoning,1,MXN,99.0,,80.13,,NAUCALPAN DE JUAREZ,MEXICO,MX,CreditCard,False
ORD-0341,2026-02-16 04:15:50,2026-02-16 22:27:22,Shipped,MX,Platform,Standard,PROD-11,Bundle,1,MXN,549.9,,,,TIERRA BLANCA,VERACRUZ DE IGNACIO DE LA LLAVE,MX,"GiftCertificate, CreditCard",False
ORD-0603,2026-02-16 02:27:11,2026-02-16 17:54:54,Shipped,MX,Platform,Standard,PROD-11,Bundle,1,MXN,549.9,,,,MONTERREY,NUEVO LEON,MX,CreditCard,False
ORD-0212,2026-02-16 01:46:04,2026-02-17 08:26:29,Shipped,MX,Seller,Standard,PROD-40,Smoked Salt,2,MXN,270.0,,86.16,,CIUDAD DE MEXICO,CIUDAD DE MEXICO,MX,CreditCard,False
ORD-0542,2026-02-16 01:35:47,2026-02-16 15:57:35,Shipped,MX,Seller,Standard,PROD-40,Smoked Salt,3,MXN,405.0,,89.24,,HUIXQUILUCAN DE DEGOLLADO,MÉXICO,MX,CreditCard,False
ORD-0300,2026-02-16 00:53:13,2026-02-16 09:55:47,Shipped,MX,Platform,Expedited,PROD-11,Bundle,1,MXN,549.9,,,,SANTIAGO,NUEVO LEON,MX,Installments,False
ORD-0481,2026-02-15 23:52:37,2026-02-16 16:58:38,Shipped,MX,Seller,Standard,PROD-40,Smoked Salt,2,MXN,270.0,,86.16,,CHIHUAHUA,CHIHUAHUA,MX,CreditCard,False
ORD-0007,2026-02-15 23:11:25,2026-02-17 18:13:02,Shipped,MX,Seller,Standard,PROD-40,Smoked Salt,1,MXN,135.0,,43.08,,CIUDAD APODACA,NUEVO LEON,MX,CreditCard,False
ORD-0007,2026-02-15 23:11:25,2026-02-17 18:13:02,Shipped,MX,Seller,Standard,PROD-46,Sauce,1,MXN,99.0,,44.41,,CIUDAD APODACA,NUEVO LEON,MX,CreditCard,False
ORD-0105,2026-02-15 21:04:45,2026-02-16 15:57:36,Shipped,MX,Seller,Standard,PROD-14,Bundle,1,MXN,600.0,,80.0,,CIUDAD DE MEXICO,CIUDAD DE MEXICO,MX,CreditCard,False
ORD-0115,2026-02-15 17:11:43,2026-02-16 15:59:57,Shipped,MX,Seller,Standard,PROD-12,Seasoning,1,MXN,80.0,,86.99,,MINATITLAN,VERACRUZ DE IGNACIO DE LA LLAVE,MX,CreditCard,False
ORD-0159,2026-02-15 16:54:57,2026-02-15 16:59:05,Cancelled,MX,Seller,Standard,PROD-12,Seasoning,0,,,,,,MINATITLAN,VERACRUZ DE IGNACIO DE LA LLAVE,MX,CreditCard,False
ORD-0182,2026-02-15 15:27:08,2026-02-16 16:00:37,Shipped,MX,Seller,Expedited,PROD-40,Smoked Salt,1,MXN,135.0,,153.08,,MERIDA,YUCATAN,MX,GiftCertificate,False
ORD-0532,2026-02-15 14:59:11,2026-02-15 20:13:02,Shipped,MX,Platform,Expedited,PROD-11,Bundle,1,MXN,549.9,,,,ZAPOPAN,JALISCO,MX,"Installments, GiftCertificate",False
ORD-0365,2026-02-15 12:49:55,2026-02-18 20:18:25,Shipped,MX,Platform,Expedited,PROD-11,Bundle,1,MXN,549.9,,8.75,,EL CERCADO,NUEVO LEON,MX,Installments,False
ORD-0178,2026-02-15 00:19:57,2026-02-16 15:57:34,Shipped,MX,Seller,Standard,PROD-40,Smoked Salt,1,MXN,135.0,,83.08,,TLAQUEPAQUE,JALISCO,MX,CreditCard,False
ORD-0596,2026-02-14 18:31:36,2026-02-16 19:27:12,Shipped,MX,Seller,Standard,PROD-27,Seasoning,4,MXN,340.0,,89.78,,GUADALAJARA,JALISCO,MX,CreditCard,False
ORD-0200,2026-02-14 16:32:16,2026-02-14 17:58:48,Shipped,MX,Platform,Expedited,PROD-11,Bundle,1,MXN,549.9,,,,CIUDAD DE MEXICO,CIUDAD DE MEXICO,MX,"GiftCertificate, CreditCard",False
ORD-0422,2026-02-14 16:14:30,2026-02-15 18:20:47,Shipped,MX,Platform,Expedited,PROD-13,Bundle,1,MXN,799.2,,,,HUIXQUILUCAN DE DEGOLLADO,MEXICO,MX,Installments,False
ORD-0301,2026-02-14 13:40:15,2026-02-15 10:05:07,Cancelled,MX,Platform,Expedited,PROD-11,Bundle,0,,,,,,EL CERCADO,NUEVO LEON,MX,Installments,False
ORD-0409,2026-02-14 04:54:38,2026-02-15 08:50:14,Shipped,MX,Seller,Standard,PROD-26,Seasoning,1,MXN,99.0,,22.44,,CIUDAD DE MEXICO,CIUDAD DE MEXICO,MX,CreditCard,False
ORD-0409,2026-02-14 04:54:38,2026-02-15 08:50:14,Shipped,MX,Seller,Standard,PROD-27,Seasoning,1,MXN,85.0,,22.44,,CIUDAD DE MEXICO,CIUDAD DE MEXICO,MX,CreditCard,False
ORD-0409,2026-02-14 04:54:38,2026-02-15 08:50:14,Shipped,MX,Seller,Standard,PROD-33,Seasoning,1,MXN,99.0,,20.13,,CIUDAD DE MEXICO,CIUDAD DE MEXICO,MX,CreditCard,False
ORD-0409,2026-02-14 04:54:38,2026-02-15 08:50:14,Shipped,MX,Seller,Standard,PROD-25,Seasoning,1,MXN,99.0,,22.25,,CIUDAD DE MEXICO,CIUDAD DE MEXICO,MX,CreditCard,False
ORD-0397,2026-02-14 02:12:12,2026-02-14 08:49:47,Shipped,MX,Platform,Expedited,PROD-13,Bundle,1,MXN,799.2,,,,HUIXQUILUCAN DE DEGOLLADO,MEXICO,MX,CreditCard,False
ORD-0287,2026-02-14 00:04:04,2026-02-14 15:35:18,Shipped,MX,Seller,Standard,PROD-17,Bundle,1,MXN,540.0,,93.08,,CIUDAD RIO BRAVO,TAMAULIPAS,MX,CreditCard,False
ORD-0258,2026-02-13 23:58:53,2026-02-17 22:20:09,Shipped,MX,Seller,Standard,PROD-54,Accessory,1,MXN,130.0,17.93,84.05,,Aguascalientes,Aguascalientes,MX,CreditCard,False
ORD-0260,2026-02-13 20:54:43,2026-02-14 08:58:06,Shipped,MX,Seller,Standard,PROD-40,Smoked Salt,1,MXN,135.0,,83.08,,CIUDAD DE MÉXICO,CIUDAD DE MÉXICO,MX,"GiftCertificate, CreditCard",False
ORD-0613,2026-02-13 20:22:54,2026-02-16 05:50:00,Shipped,MX,Seller,Standard,PROD-24,Seasoning,1,MXN,99.0,,26.67,,AGUASCALIENTES,AGUASCALIENTES,MX,CreditCard,False
ORD-0613,2026-02-13 20:22:54,2026-02-16 05:50:00,Shipped,MX,Seller,Standard,PROD-23,Seasoning,1,MXN,99.0,,29.1,,AGUASCALIENTES,AGUASCALIENTES,MX,CreditCard,False
ORD-0613,2026-02-13 20:22:54,2026-02-16 05:50:00,Shipped,MX,Seller,Standard,PROD-25,Seasoning,1,MXN,99.0,,28.92,,AGUASCALIENTES,AGUASCALIENTES,MX,CreditCard,False
ORD-0043,2026-02-13 20:06:42,2026-02-15 08:33:06,Shipped,MX,Platform,Standard,PROD-11,Bundle,1,MXN,549.9,,,,SAN PEDRO CHOLULA,PUEBLA,MX,Other,False
ORD-0074,2026-02-13 07:34:52,2026-02-13 17:28:44,Shipped,MX,Platform,Expedited,PROD-11,Bundle,1,MXN,549.9,,,,CIUDAD DE MEXICO,CIUDAD DE MEXICO,MX,CreditCard,False
ORD-0538,2026-02-13 04:34:26,2026-02-13 15:16:32,Shipped,MX,Seller,Standard,PROD-49,Sauce,1,MXN,99.0,,44.51,,GARCIA,NUEVO LEON,MX,CreditCard,False
ORD-0538,2026-02-13 04:34:26,2026-02-13 15:16:32,Shipped,MX,Seller,Standard,PROD-47,Sauce,1,MXN,99.0,,40.0,,GARCIA,NUEVO LEON,MX,CreditCard,False
ORD-0067,2026-02-13 02:39:35,2026-02-13 16:34:28,Shipped,MX,Platform,Expedited,PROD-11,Bundle,1,MXN,549.9,,35.0,,CIUDAD ADOLFO LOPEZ MATEOS,MEXICO,MX,CreditCard,False
ORD-0012,2026-02-13 01:37:47,2026-02-13 15:16:36,Shipped,MX,Seller,Standard,PROD-31,Seasoning,1,MXN,99.0,,18.25,,NAVOJOA,SONORA,MX,CreditCard,False
ORD-0012,2026-02-13 01:37:47,2026-02-13 15:16:36,Shipped,MX,Seller,Standard,PROD-25,Seasoning,1,MXN,99.0,,18.25,,NAVOJOA,SONORA,MX,CreditCard,False
ORD-0012,2026-02-13 01:37:47,2026-02-13 15:16:36,Shipped,MX,Seller,Standard,PROD-23,Seasoning,1,MXN,99.0,,18.44,,NAVOJOA,SONORA,MX,CreditCard,False
ORD-0012,2026-02-13 01:37:47,2026-02-13 15:16:36,Shipped,MX,Seller,Standard,PROD-20,Seasoning,1,MXN,99.0,,18.25,,NAVOJOA,SONORA,MX,CreditCard,False
ORD-0012,2026-02-13 01:37:47,2026-02-13 15:16:36,Shipped,MX,Seller,Standard,PROD-22,Seasoning,1,MXN,99.0,,18.73,,NAVOJOA,SONORA,MX,CreditCard,False
ORD-0164,2026-02-12 23:50:33,2026-02-13 20:31:21,Shipped,MX,Platform,Standard,PROD-13,Bundle,1,MXN,799.2,,29.0,,MERIDA,YUCATAN,MX,CreditCard,False
ORD-0444,2026-02-12 22:53:28,2026-02-12 23:56:07,Shipped,MX,Seller,Standard,PROD-33,Seasoning,2,MXN,198.0,,80.25,,CENTRO,TABASCO,MX,CreditCard,False
ORD-0211,2026-02-12 20:58:25,2026-02-14 09:55:49,Shipped,MX,Platform,Standard,PROD-13,Bundle,1,MXN,799.2,,29.0,,SAN NICOLAS DE LOS GARZA,NUEVO LEON,MX,CreditCard,False
ORD-0333,2026-02-12 19:44:52,2026-02-14 04:50:52,Shipped,MX,Platform,Standard,PROD-11,Bundle,1,MXN,549.9,,7.25,,SANTIAGO DE QUERETARO,QUERETARO,MX,CreditCard,False
ORD-0084,2026-02-12 17:20:07,2026-02-12 19:56:20,Shipped,MX,Platform,Expedited,PROD-11,Bundle,1,MXN,549.9,,45.0,,ZAPOPAN,JALISCO,MX,CreditCard,False
ORD-0279,2026-02-12 12:17:13,2026-02-12 20:21:29,Shipped,MX,Seller,Standard,PROD-33,Seasoning,1,MXN,99.0,,26.79,,CIUDAD DE MEXICO,CIUDAD DE MEXICO,MX,CreditCard,False
ORD-0279,2026-02-12 12:17:13,2026-02-12 20:21:29,Shipped,MX,Seller,Standard,PROD-38,Smoked Salt,1,MXN,135.0,,29.69,,CIUDAD DE MEXICO,CIUDAD DE MEXICO,MX,CreditCard,False
ORD-0279,2026-02-12 12:17:13,2026-02-12 20:21:29,Shipped,MX,Seller,Standard,PROD-31,Seasoning,1,MXN,99.0,,28.92,,CIUDAD DE MEXICO,CIUDAD DE MEXICO,MX,CreditCard,False
ORD-0449,2026-02-12 08:53:01,2026-02-14 16:27:12,Shipped,MX,Platform,Standard,PROD-13,Bundle,1,MXN,799.2,,,,MEXICALI,BAJA CALIFORNIA,MX,CreditCard,False
ORD-0080,2026-02-12 07:26:57,2026-02-18 16:28:53,Shipped,MX,Seller,Standard,PROD-14,Bundle,1,MXN,600.0,,80.0,,SAN JOSE DEL CABO,BAJA CALIFORNIA SUR,MX,CreditCard,False
ORD-0024,2026-02-12 04:12:52,2026-02-13 08:51:59,Shipped,MX,Platform,Standard,PROD-11,Bundle,1,MXN,549.9,,,,LERMA,MÉXICO,MX,CreditCard,False
ORD-0288,2026-02-12 02:12:42,2026-02-12 09:54:33,Shipped,MX,Platform,Expedited,PROD-11,Bundle,1,MXN,549.9,,,,MONTERREY,NUEVO LEON,MX,CreditCard,False
ORD-0302,2026-02-12 00:31:28,2026-02-12 18:28:37,Shipped,MX,Platform,Standard,PROD-11,Bundle,1,MXN,549.9,,,,COATZACOALCOS,VERACRUZ DE IGNACIO DE LA LLAVE,MX,CreditCard,False
ORD-0281,2026-02-12 00:17:53,2026-02-14 04:52:15,Shipped,MX,Platform,Standard,PROD-11,Bundle,1,MXN,549.9,,,,MONCLOVA,COAHUILA DE ZARAGOZA,MX,CreditCard,False
ORD-0245,2026-02-11 21:37:10,2026-02-11 22:35:39,Shipped,MX,Seller,Standard,PROD-22,Seasoning,3,MXN,297.0,,68.19,,CULIACAN ROSALES,SINALOA,MX,CreditCard,False
ORD-0245,2026-02-11 21:37:10,2026-02-11 22:35:39,Shipped,MX,Seller,Standard,PROD-17,Bundle,1,MXN,540.0,,33.08,,CULIACAN ROSALES,SINALOA,MX,CreditCard,False
ORD-0291,2026-02-11 18:38:53,2026-02-12 09:55:02,Shipped,MX,Platform,Expedited,PROD-11,Bundle,1,MXN,549.9,,,,MONTERREY,NUEVO LEON,MX,CreditCard,False
ORD-0330,2026-02-11 14:09:42,2026-02-11 15:01:24,Shipped,MX,Seller,Standard,PROD-49,Sauce,3,MXN,297.0,,93.53,,GUADALAJARA,JALISCO,MX,CreditCard,False
ORD-0138,2026-02-11 13:39:01,2026-02-11 15:01:26,Shipped,MX,Seller,Standard,PROD-12,Seasoning,4,MXN,320.0,,107.94,,Puebla,Puebla,MX,CreditCard,False
ORD-0189,2026-02-11 05:55:12,2026-02-13 04:56:27,Shipped,MX,Platform,Standard,PROD-11,Bundle,1,MXN,549.9,,11.66,,TOLUCA DE LERDO,MEXICO,MX,CreditCard,False
ORD-0166,2026-02-11 04:29:22,2026-02-13 11:13:41,Shipped,MX,Platform,Expedited,PROD-11,Bundle,1,MXN,549.9,,,,HERMOSILLO,SONORA,MX,CreditCard,False
ORD-0297,2026-02-10 22:43:39,2026-02-13 06:10:38,Shipped,MX,Platform,Expedited,PROD-41,Smoked Salt,2,MXN,396.0,,,,ZAPOPAN,JALISCO,MX,CreditCard,False
ORD-0010,2026-02-10 22:06:18,2026-02-10 23:04:03,Shipped,MX,Seller,Standard,PROD-36,Seasoning,1,MXN,99.0,,29.39,,MORELIA,MICHOACÁN DE OCAMPO,MX,Other,False
ORD-0010,2026-02-10 22:06:18,2026-02-10 23:04:03,Shipped,MX,Seller,Standard,PROD-33,Seasoning,1,MXN,99.0,,26.8,,MORELIA,MICHOACÁN DE OCAMPO,MX,Other,False
ORD-0010,2026-02-10 22:06:18,2026-02-10 23:04:03,Shipped,MX,Seller,Standard,PROD-22,Seasoning,1,MXN,99.0,,29.4,,MORELIA,MICHOACÁN DE OCAMPO,MX,Other,False
ORD-0197,2026-02-10 21:38:14,2026-02-11 04:20:54,Shipped,MX,Platform,Expedited,PROD-11,Bundle,1,MXN,549.9,,,,CIUDAD DE MEXICO,CIUDAD DE MEXICO,MX,CreditCard,False
ORD-0232,2026-02-10 19:57:10,2026-02-11 19:39:10,Shipped,MX,Platform,Standard,PROD-01,Seasoning,1,MXN,470.0,,,,SAN MARTIN DE LAS PIRAMIDES,MEXICO,MX,CreditCard,False
ORD-0320,2026-02-10 19:34:45,2026-02-11 17:02:41,Shipped,MX,Platform,Standard,PROD-11,Bundle,1,MXN,549.9,,29.0,,CHIHUAHUA,CHIHUAHUA,MX,CreditCard,False
ORD-0607,2026-02-10 16:38:44,2026-02-11 08:49:54,Shipped,MX,Platform,Expedited,PROD-41,Smoked Salt,1,MXN,198.0,,,,CUAUTITLAN IZCALLI,MEXICO,MX,CreditCard,False
ORD-0266,2026-02-10 14:11:09,2026-02-10 18:28:15,Shipped,MX,Platform,Expedited,PROD-41,Smoked Salt,1,MXN,198.0,,,,SANTIAGO DE QUERETARO,QUERETARO,MX,CreditCard,False
ORD-0085,2026-02-10 05:19:02,2026-02-11 06:09:32,Shipped,MX,Platform,Standard,PROD-11,Bundle,1,MXN,549.9,,,,HEROICA GUAYMAS,SONORA,MX,CreditCard,False
ORD-0175,2026-02-10 00:18:34,2026-02-10 22:45:04,Shipped,MX,Platform,Standard,PROD-13,Bundle,1,MXN,999.0,,1.32,,TEPATITLAN DE MORELOS,JALISCO,MX,CreditCard,False
ORD-0548,2026-02-09 23:06:31,2026-02-10 09:49:50,Shipped,MX,Platform,Expedited,PROD-41,Smoked Salt,1,MXN,198.0,,,,MONTERREY,NUEVO LEON,MX,CreditCard,False
ORD-0219,2026-02-09 22:11:25,2026-02-09 22:17:17,Cancelled,MX,Seller,Standard,PROD-22,Seasoning,0,,,,,,HUEYPOXTLA,MEXICO,MX,CreditCard,False
ORD-0219,2026-02-09 22:11:25,2026-02-09 22:17:17,Cancelled,MX,Seller,Standard,PROD-29,Seasoning,0,,,,,,HUEYPOXTLA,MEXICO,MX,CreditCard,False
ORD-0219,2026-02-09 22:11:25,2026-02-09 22:17:17,Cancelled,MX,Seller,Standard,PROD-26,Seasoning,0,,,,,,HUEYPOXTLA,MEXICO,MX,CreditCard,False
ORD-0317,2026-02-09 20:23:05,2026-02-11 22:43:43,Shipped,MX,Platform,Standard,PROD-01,Seasoning,1,MXN,470.0,,,,CIUDAD DE MEXICO,CIUDAD DE MEXICO,MX,CreditCard,False
ORD-0491,2026-02-09 19:40:05,2026-02-11 06:07:42,Shipped,MX,Platform,Standard,PROD-11,Bundle,1,MXN,549.9,,,,MORELIA,MICHOACAN DE OCAMPO,MX,CreditCard,False
ORD-0391,2026-02-09 18:58:23,2026-02-09 23:33:21,Shipped,MX,Platform,Expedited,PROD-41,Smoked Salt,1,MXN,198.0,,,,HUIXQUILUCAN DE DEGOLLADO,MÉXICO,MX,CreditCard,False
ORD-0214,2026-02-09 18:58:23,2026-02-09 23:34:25,Shipped,MX,Seller,Standard,PROD-39,Smoked Salt,1,MXN,135.0,,29.69,,HUIXQUILUCAN DE DEGOLLADO,MÉXICO,MX,CreditCard,False
ORD-0214,2026-02-09 18:58:23,2026-02-09 23:34:25,Shipped,MX,Seller,Standard,PROD-22,Seasoning,1,MXN,99.0,,29.4,,HUIXQUILUCAN DE DEGOLLADO,MÉXICO,MX,CreditCard,False
ORD-0214,2026-02-09 18:58:23,2026-02-09 23:34:25,Shipped,MX,Seller,Standard,PROD-31,Seasoning,1,MXN,99.0,,28.91,,HUIXQUILUCAN DE DEGOLLADO,MÉXICO,MX,CreditCard,False
ORD-0154,2026-02-09 17:14:23,2026-02-09 20:17:39,Cancelled,MX,Platform,Expedited,PROD-13,Bundle,0,,,,,,CULIACAN ROSALES,SINALOA,MX,Installments,False
ORD-0076,2026-02-09 14:19:18,2026-02-10 20:10:58,Shipped,MX,Platform,Standard,PROD-11,Bundle,1,MXN,549.9,,14.5,,Monclova,Coahuila,MX,CreditCard,False
ORD-0093,2026-02-09 12:51:58,2026-02-09 20:17:41,Shipped,MX,Platform,Expedited,PROD-13,Bundle,1,MXN,799.2,,,,CIUDAD DE MEXICO,CIUDAD DE MEXICO,MX,CreditCard,False
ORD-0431,2026-02-09 00:19:17,2026-02-09 08:43:00,Shipped,MX,Platform,Expedited,PROD-41,Smoked Salt,1,MXN,198.0,,,,CIUDAD ADOLFO LOPEZ MATEOS,MEXICO,MX,CreditCard,False
ORD-0069,2026-02-09 00:15:31,2026-02-09 22:38:22,Shipped,MX,Seller,Standard,PROD-40,Smoked Salt,4,MXN,540.0,,92.32,,TLAPACOYAN,VERACRUZ DE IGNACIO DE LA LLAVE,MX,CreditCard,False
ORD-0016,2026-02-08 22:30:57,2026-02-09 15:38:07,Shipped,MX,Seller,Standard,PROD-30,Seasoning,1,MXN,99.0,,81.27,,GARCIA,NUEVO LEON,MX,CreditCard,False
ORD-0193,2026-02-08 22:16:12,2026-02-09 15:35:10,Shipped,MX,Seller,Standard,PROD-17,Bundle,3,MXN,1620.0,,119.24,,IRAPUATO,GUANAJUATO,MX,CreditCard,False
ORD-0376,2026-02-08 22:14:52,2026-02-08 22:15:25,Cancelled,MX,Seller,Standard,PROD-17,Bundle,0,,,,,,BAHIA DE BANDERAS,NAYARIT,MX,CreditCard,False
ORD-0089,2026-02-08 16:20:39,2026-02-09 22:36:00,Shipped,MX,Platform,Standard,PROD-11,Bundle,1,MXN,549.9,,,,EBANO,SAN LUIS POTOSI,MX,CreditCard,False
ORD-0519,2026-02-08 15:01:46,2026-02-09 15:38:34,Shipped,MX,Seller,Standard,PROD-40,Smoked Salt,1,MXN,135.0,,29.75,,CORREGIDORA,QUERETARO,MX,CreditCard,False
ORD-0519,2026-02-08 15:01:46,2026-02-09 15:38:34,Shipped,MX,Seller,Standard,PROD-33,Seasoning,2,MXN,198.0,,53.58,,CORREGIDORA,QUERETARO,MX,CreditCard,False
ORD-0118,2026-02-08 14:46:32,2026-02-09 15:37:18,Shipped,MX,Seller,Standard,PROD-12,Seasoning,2,MXN,160.0,,93.97,,CORREGIDORA,QUERETARO,MX,CreditCard,False
ORD-0410,2026-02-08 14:42:39,2026-02-09 15:35:09,Shipped,MX,Seller,Standard,PROD-25,Seasoning,2,MXN,198.0,,84.51,,CORREGIDORA,QUERETARO,MX,CreditCard,False
ORD-0435,2026-02-08 14:42:10,2026-02-09 15:35:07,Shipped,MX,Seller,Standard,PROD-29,Seasoning,2,MXN,198.0,27.32,73.3,,CORREGIDORA,QUERETARO,MX,CreditCard,False
ORD-0034,2026-02-08 05:35:20,2026-02-08 20:39:09,Shipped,MX,Platform,Standard,PROD-11,Bundle,1,MXN,549.9,,,,CIUDAD DE MEXICO,CIUDAD DE MEXICO,MX,CreditCard,False
ORD-0001,2026-02-08 05:05:34,2026-02-09 10:03:10,Shipped,MX,Platform,Expedited,PROD-41,Smoked Salt,1,MXN,198.0,,,,SAN PEDRO GARZA GARCIA,NUEVO LEON,MX,CreditCard,False
ORD-0614,2026-02-08 03:33:15,2026-02-09 15:37:58,Shipped,MX,Seller,Standard,PROD-22,Seasoning,6,MXN,594.0,,96.38,,IRAPUATO,GUANAJUATO,MX,CreditCard,False
ORD-0554,2026-02-08 01:04:29,2026-02-08 10:31:37,Shipped,MX,Platform,Expedited,PROD-41,Smoked Salt,1,MXN,198.0,,,,ZAPOPAN,JALISCO,MX,CreditCard,False
ORD-0370,2026-02-08 00:29:13,2026-02-08 20:00:43,Shipped,MX,Platform,Standard,PROD-11,Bundle,1,MXN,549.9,,,,CULIACAN ROSALES,SINALOA,MX,CreditCard,False
ORD-0356,2026-02-07 22:16:54,2026-02-08 06:41:59,Shipped,MX,Platform,Expedited,PROD-13,Bundle,1,MXN,799.2,,,,CIUDAD DE MEXICO,CIUDAD DE MEXICO,MX,CreditCard,False
ORD-0454,2026-02-07 21:49:32,2026-02-09 15:35:10,Shipped,MX,Seller,Standard,PROD-17,Bundle,1,MXN,540.0,,93.08,,HUIXQUILUCAN DE DEGOLLADO,MEXICO,MX,CreditCard,False
ORD-0552,2026-02-07 21:46:45,2026-02-08 16:24:36,Shipped,MX,Platform,Standard,PROD-41,Smoked Salt,1,MXN,198.0,,,,Mérida,Yucatán,MX,CreditCard,False
ORD-0023,2026-02-07 20:41:16,2026-02-09 06:41:54,Shipped,MX,Platform,Expedited,PROD-41,Smoked Salt,1,MXN,198.0,,,,CIUDAD DE MEXICO,CIUDAD DE MEXICO,MX,CreditCard,False
ORD-0473,2026-02-07 19:27:17,2026-02-08 09:54:32,Shipped,MX,Platform,Expedited,PROD-13,Bundle,1,MXN,799.2,,,,CIUDAD GENERAL ESCOBEDO,NUEVO LEON,MX,CreditCard,False
ORD-0117,2026-02-07 18:46:19,2026-02-08 06:37:24,Shipped,MX,Platform,Expedited,PROD-11,Bundle,1,MXN,549.9,,,,CIUDAD DE MEXICO,CIUDAD DE MEXICO,MX,CreditCard,False
ORD-0090,2026-02-07 17:10:04,2026-02-09 19:14:53,Shipped,MX,Seller,Standard,PROD-14,Bundle,2,MXN,1200.0,,80.0,,SOLIDARIDAD,QUINTANA ROO,MX,CreditCard,False
ORD-0183,2026-02-07 05:12:38,2026-02-07 10:00:53,Shipped,MX,Platform,Expedited,PROD-13,Bundle,1,MXN,799.2,,,,CIUDAD BENITO JUAREZ,NUEVO LEON,MX,CreditCard,False
ORD-0496,2026-02-07 03:24:11,2026-02-09 15:38:10,Shipped,MX,Seller,Standard,PROD-40,Smoked Salt,1,MXN,135.0,,83.08,,GUADALAJARA,JALISCO,MX,CreditCard,False
ORD-0412,2026-02-06 22:59:09,2026-02-08 04:29:14,Shipped,MX,Platform,Standard,PROD-13,Bundle,1,MXN,799.2,,29.0,,IXTAPALUCA,MEXICO,MX,CreditCard,False
ORD-0019,2026-02-06 21:49:42,2026-02-07 10:02:14,Shipped,MX,Platform,Expedited,PROD-41,Smoked Salt,1,MXN,198.0,,,,MONTERREY,NUEVO LEON,MX,CreditCard,False
ORD-0429,2026-02-06 18:09:24,2026-02-08 04:30:20,Shipped,MX,Seller,Standard,PROD-53,Accessory,1,MXN,450.0,62.07,49.57,,IXTAPALUCA,MEXICO,MX,GiftCertificate,False
ORD-0429,2026-02-06 18:09:24,2026-02-08 04:30:20,Shipped,MX,Seller,Standard,PROD-27,Seasoning,1,MXN,85.0,,42.44,,IXTAPALUCA,MEXICO,MX,GiftCertificate,False
ORD-0536,2026-02-06 16:40:35,2026-02-07 04:25:29,Shipped,MX,Seller,Standard,PROD-49,Sauce,2,MXN,198.0,,89.02,,VERACRUZ,VERACRUZ DE IGNACIO DE LA LLAVE,MX,CreditCard,False
ORD-0145,2026-02-06 15:29:41,2026-02-07 17:03:39,Shipped,MX,Platform,Expedited,PROD-11,Bundle,1,MXN,549.9,,,,JUAN ALDAMA,CHIHUAHUA,MX,CreditCard,False
ORD-0303,2026-02-06 15:25:18,2026-02-06 16:53:27,Shipped,MX,Seller,Standard,PROD-31,Seasoning,1,MXN,99.0,,82.25,,tlalnepantla de baz,Estado de Mexico,MX,CreditCard,False
ORD-0568,2026-02-06 14:40:27,2026-02-20 22:43:57,Shipped,MX,Seller,Standard,PROD-31,Seasoning,1,MXN,99.0,,42.25,,CIUDAD DE MEXICO,CIUDAD DE MEXICO,MX,CreditCard,False
ORD-0568,2026-02-06 14:40:27,2026-02-20 22:43:57,Shipped,MX,Seller,Standard,PROD-27,Seasoning,1,MXN,85.0,,42.44,,CIUDAD DE MEXICO,CIUDAD DE MEXICO,MX,CreditCard,False
ORD-0559,2026-02-06 06:03:20,2026-02-06 16:47:19,Shipped,MX,Platform,Expedited,PROD-11,Bundle,1,MXN,549.9,,39.0,,CIUDAD APODACA,NUEVO LEON,MX,CreditCard,False
ORD-0426,2026-02-06 04:32:01,2026-02-06 04:32:56,Cancelled,MX,Platform,Standard,PROD-41,Smoked Salt,0,,,,,,COATZACOALCOS,VERACRUZ DE IGNACIO DE LA LLAVE,MX,CreditCard,False
ORD-0273,2026-02-06 03:35:59,2026-02-06 20:31:57,Shipped,MX,Seller,Standard,PROD-44,Smoked Salt,1,MXN,135.0,,83.02,,SAN NICOLAS DE LOS GARZA,NUEVO LEON,MX,"CreditCard, GiftCertificate",False
ORD-0262,2026-02-06 03:13:59,2026-02-06 08:48:58,Shipped,MX,Platform,Expedited,PROD-41,Smoked Salt,1,MXN,198.0,,,,CIUDAD DE MÉXICO,CIUDAD DE MÉXICO,MX,CreditCard,False
ORD-0363,2026-02-06 01:39:45,2026-02-06 08:36:54,Shipped,MX,Platform,Expedited,PROD-41,Smoked Salt,1,MXN,220.0,,,,CIUDAD DE MÉXICO,CIUDAD DE MÉXICO,MX,CreditCard,False
ORD-0430,2026-02-05 19:35:36,2026-02-06 09:59:24,Shipped,MX,Platform,Expedited,PROD-41,Smoked Salt,3,MXN,660.0,,,,CIUDAD APODACA,NUEVO LEON,MX,CreditCard,False
ORD-0168,2026-02-05 15:13:40,2026-02-05 20:01:21,Shipped,MX,Platform,Expedited,PROD-41,Smoked Salt,1,MXN,220.0,,,,MÉRIDA,YUCATÁN,MX,CreditCard,False
ORD-0055,2026-02-05 13:26:08,2026-02-05 20:01:05,Shipped,MX,Seller,Standard,PROD-44,Smoked Salt,1,MXN,135.0,,83.02,,MONTERREY,NUEVO LEON,MX,CreditCard,False
ORD-0442,2026-02-05 03:56:38,2026-02-05 09:56:13,Shipped,MX,Platform,Expedited,PROD-11,Bundle,1,MXN,611.0,,,,Monterrey,Nuevo León,MX,CreditCard,False
ORD-0047,2026-02-05 03:54:09,2026-02-07 20:09:49,Shipped,MX,Seller,Standard,PROD-33,Seasoning,2,MXN,198.0,,80.25,,MERIDA,YUCATAN,MX,CreditCard,False
ORD-0094,2026-02-05 03:44:51,2026-02-05 09:55:12,Shipped,MX,Platform,Expedited,PROD-13,Bundle,1,MXN,999.0,,,,Monterrey,Nuevo Leon,MX,CreditCard,False
ORD-0305,2026-02-05 02:55:31,2026-02-05 20:34:15,Shipped,MX,Seller,Standard,PROD-25,Seasoning,1,MXN,99.0,,82.25,,TEPATITLAN DE MORELOS,JALISCO,MX,"GiftCertificate, CreditCard",False
ORD-0109,2026-02-05 02:27:53,2026-02-05 02:28:30,Cancelled,MX,Seller,Standard,PROD-08,Snack,0,,,,,,GARCIA,NUEVO LEON,MX,CreditCard,False
ORD-0293,2026-02-04 22:56:08,2026-02-05 11:03:17,Shipped,MX,Platform,Expedited,PROD-11,Bundle,1,MXN,611.0,,17.5,,HERMOSILLO,SONORA,MX,CreditCard,False
ORD-0196,2026-02-04 22:18:43,2026-02-05 08:13:28,Shipped,MX,Seller,Standard,PROD-49,Sauce,2,MXN,198.0,,89.02,,LOS MOCHIS,SINALOA,MX,CreditCard,False
ORD-0621,2026-02-04 21:34:24,2026-02-05 19:01:59,Shipped,MX,Seller,Standard,PROD-25,Seasoning,1,MXN,99.0,,82.25,,VILLAHERMOSA,TABASCO,MX,CreditCard,False
ORD-0514,2026-02-04 21:01:27,2026-02-04 22:29:04,Shipped,MX,Seller,Standard,PROD-17,Bundle,1,MXN,540.0,,93.08,,TLALIXTAC DE CABRERA,OAXACA,MX,CreditCard,False
ORD-0468,2026-02-04 20:33:38,2026-02-04 21:47:50,Shipped,MX,Seller,Standard,PROD-46,Sauce,2,MXN,198.0,,88.83,,VILLAHERMOSA,TABASCO,MX,CreditCard,False
ORD-0371,2026-02-04 19:11:51,2026-02-05 16:33:56,Shipped,MX,Platform,Expedited,PROD-11,Bundle,1,MXN,611.0,,,,CHIHUAHUA,CHIHUAHUA,MX,CreditCard,False
ORD-0408,2026-02-04 18:46:32,2026-02-05 05:59:47,Shipped,MX,Platform,Expedited,PROD-11,Bundle,1,MXN,611.0,,,,IRAPUATO,GUANAJUATO,MX,"Installments, GiftCertificate",False
ORD-0008,2026-02-04 14:42:35,2026-02-06 08:39:47,Shipped,MX,Platform,Expedited,PROD-11,Bundle,1,MXN,611.0,,,,ECATEPEC DE MORELOS,MEXICO,MX,CreditCard,False
ORD-0413,2026-02-04 11:35:55,2026-02-04 18:29:57,Shipped,MX,Platform,Expedited,PROD-11,Bundle,1,MXN,611.0,,,,CIUDAD DE MEXICO,CIUDAD DE MEXICO,MX,CreditCard,False
ORD-0424,2026-02-04 04:23:56,2026-02-04 15:10:38,Shipped,MX,Seller,Standard,PROD-40,Smoked Salt,10,MXN,1350.0,,110.8,,LEON DE LOS ALDAMA,GUANAJUATO,MX,CreditCard,False
ORD-0285,2026-02-03 21:20:29,2026-02-04 06:10:10,Shipped,MX,Platform,Expedited,PROD-11,Bundle,1,MXN,611.0,,,,ZAPOPAN,JALISCO,MX,CreditCard,False
ORD-0276,2026-02-03 16:02:12,2026-02-03 17:23:25,Shipped,MX,Seller,Standard,PROD-24,Seasoning,2,MXN,198.0,,80.0,,HEROICA CIUDAD DE CANANEA,SONORA,MX,CreditCard,False
ORD-0584,2026-02-03 13:54:34,2026-02-03 15:19:01,Shipped,MX,Seller,Standard,PROD-14,Bundle,1,MXN,600.0,,80.0,,CIUDAD GUZMÁN,JALISCO,MX,CreditCard,False
ORD-0070,2026-02-03 03:19:32,2026-02-03 08:25:39,Shipped,MX,Platform,Expedited,PROD-41,Smoked Salt,1,MXN,220.0,,,,METEPEC,MEXICO,MX,"GiftCertificate, CreditCard",False
ORD-0265,2026-02-03 03:14:32,2026-02-03 15:18:21,Shipped,MX,Seller,Standard,PROD-20,Seasoning,1,MXN,99.0,,42.25,,METEPEC,MEXICO,MX,CreditCard,False
ORD-0265,2026-02-03 03:14:32,2026-02-03 15:18:21,Shipped,MX,Seller,Standard,PROD-26,Seasoning,1,MXN,99.0,,42.44,,METEPEC,MEXICO,MX,CreditCard,False
ORD-0433,2026-02-03 00:26:24,2026-02-03 19:14:05,Shipped,MX,Platform,Standard,PROD-41,Smoked Salt,1,MXN,220.0,,,,UMAN,YUCATAN,MX,CreditCard,False
ORD-0299,2026-02-02 23:17:51,2026-02-03 16:43:41,Shipped,MX,Platform,Standard,PROD-41,Smoked Salt,1,MXN,220.0,,,,OAXACA DE JUAREZ,OAXACA,MX,CreditCard,False
ORD-0250,2026-02-02 19:58:40,2026-02-03 15:22:06,Shipped,MX,Seller,Standard,PROD-14,Bundle,1,MXN,600.0,,40.0,,NAUCALPAN DE JUAREZ,MEXICO,MX,CreditCard,False
ORD-0250,2026-02-02 19:58:40,2026-02-03 15:22:06,Shipped,MX,Seller,Standard,PROD-10,Bundle,1,MXN,495.0,,74.99,,NAUCALPAN DE JUAREZ,MEXICO,MX,CreditCard,False
ORD-0575,2026-02-02 18:32:10,2026-02-03 15:18:02,Shipped,MX,Seller,Standard,PROD-17,Bundle,1,MXN,540.0,,93.08,,SALINA CRUZ,OAXACA,MX,CreditCard,False
ORD-0275,2026-02-02 17:31:09,2026-02-03 15:17:48,Shipped,MX,Seller,Standard,PROD-44,Smoked Salt,1,MXN,135.0,,83.02,,CIUDAD SANTA CATARINA,NUEVO LEON,MX,CreditCard,False
ORD-0150,2026-02-02 16:44:52,2026-02-02 19:40:03,Shipped,MX,Platform,Expedited,PROD-41,Smoked Salt,1,MXN,220.0,,,,CIUDAD SANTA CATARINA,NUEVO LEON,MX,"GiftCertificate, CreditCard",False
ORD-0125,2026-02-02 16:17:44,2026-02-03 10:04:22,Shipped,MX,Platform,Expedited,PROD-41,Smoked Salt,1,MXN,220.0,,,,ZAPOPAN,JALISCO,MX,CreditCard,False
ORD-0610,2026-02-02 15:25:33,2026-02-02 18:29:13,Shipped,MX,Platform,Expedited,PROD-13,Bundle,1,MXN,999.0,,,,SANTIAGO DE QUERETARO,QUERETARO,MX,CreditCard,False
ORD-0531,2026-02-02 13:46:51,2026-02-02 20:31:28,Shipped,MX,Platform,Standard,PROD-13,Bundle,1,MXN,999.0,,14.5,,MERIDA,YUCATAN,MX,CreditCard,False
ORD-0186,2026-02-02 03:15:19,2026-02-04 00:33:47,Shipped,MX,Seller,Standard,PROD-17,Bundle,1,MXN,540.0,,93.08,,CADEREYTA JIMENEZ,NUEVO LEON,MX,CreditCard,False
ORD-0334,2026-02-02 00:54:09,2026-02-03 15:17:33,Shipped,MX,Seller,Standard,PROD-33,Seasoning,10,MXN,990.0,,81.27,,MANZANILLO,COLIMA,MX,CreditCard,False
ORD-0313,2026-02-01 22:51:51,2026-02-03 15:17:18,Shipped,MX,Seller,Standard,PROD-12,Seasoning,1,MXN,80.0,,86.99,,MAZATLÁN,SINALOA,MX,CreditCard,False
ORD-0478,2026-02-01 14:39:28,2026-02-03 15:17:10,Shipped,MX,Seller,Standard,PROD-55,Accessory,1,MXN,130.0,17.93,46.55,,SALTILLO,COAHUILA DE ZARAGOZA,MX,CreditCard,False
ORD-0478,2026-02-01 14:39:28,2026-02-03 15:17:10,Shipped,MX,Seller,Standard,PROD-54,Accessory,1,MXN,130.0,17.93,49.57,,SALTILLO,COAHUILA DE ZARAGOZA,MX,CreditCard,False
ORD-0311,2026-02-27 06:12:02,2026-02-28 15:56:07,Shipped,External US,Platform,Standard,PROD-45,Sauce,1,,,,,,San Jose,CA,US,,False
ORD-0311,2026-02-27 06:12:02,2026-02-28 15:56:07,Shipped,External US,Platform,Standard,PROD-09,Snack,1,,,,,,San Jose,CA,US,,False
ORD-0311,2026-02-27 06:12:02,2026-02-28 15:56:07,Shipped,External US,Platform,Standard,PROD-52,Sauce,1,,,,,,San Jose,CA,US,,False
ORD-0612,2026-02-26 15:39:33,2026-03-11 15:46:55,Shipping,External,Platform,Standard,PROD-49,Sauce,112,,,,,,,,,,False
ORD-0032,2026-02-19 16:08:49,2026-03-09 18:31:14,Shipped,External,Platform,Standard,PROD-51,Sauce,51,,,,,,,,,,False
ORD-0589,2026-02-12 15:35:46,2026-02-15 19:14:18,Shipped,External,Platform,Standard,PROD-51,Sauce,2,,,,,,,,,,False
ORD-0507,2026-03-01 05:34:21,2026-03-01 12:58:03,Shipped,US,Platform,Expedited,PROD-48,Sauce,1,USD,9.99,,,,CAMANO ISLAND,WA,US,Standard,False
ORD-0571,2026-03-01 05:03:56,2026-03-01 14:54:56,Shipped,US,Platform,Expedited,PROD-52,Sauce,1,USD,9.99,,,,PORTLAND,OR,US,Standard,False
ORD-0487,2026-03-01 04:00:35,2026-03-02 10:01:05,Shipped,US,Platform,Expedited,PROD-48,Sauce,1,USD,9.99,,,,BETHEL,PA,US,Standard,False
ORD-0142,2026-03-01 02:49:54,2026-03-03 09:33:49,Shipped,US,Platform,Expedited,PROD-48,Sauce,1,USD,9.99,,,,Wanaque,NJ,US,Standard,False
ORD-0020,2026-03-01 02:25:36,2026-03-01 20:31:44,Shipped,US,Platform,Expedited,PROD-18,Bundle,1,USD,55.99,,,,MIAMI,FL,US,Standard,False
ORD-0173,2026-03-01 01:40:41,2026-03-01 10:18:11,Shipped,US,Platform,Expedited,PROD-28,Seasoning,1,USD,9.99,,,,SAN ANTONIO,TX,US,Standard,False
ORD-0484,2026-03-01 01:39:57,2026-03-01 10:08:24,Shipped,US,Platform,Expedited,PROD-35,Seasoning,1,USD,9.99,,,,SAN ANTONIO,TX,US,Standard,False
ORD-0483,2026-03-01 01:39:25,2026-03-01 10:08:22,Shipped,US,Platform,Expedited,PROD-35,Seasoning,1,USD,9.99,,,,SAN ANTONIO,TX,US,Standard,False
ORD-0026,2026-03-01 01:05:08,2026-03-02 06:49:18,Shipped,US,Platform,SecondDay,PROD-56,Bundle,1,USD,35.99,1.62,,,New Orleans,LA,US,Standard,False
ORD-0447,2026-03-01 00:08:52,2026-03-02 03:42:24,Shipped,US,Platform,Expedited,PROD-43,Smoked Salt,1,USD,13.99,0.84,,,Caldwell,ID,US,Standard,False
ORD-0592,2026-02-28 15:39:09,2026-03-01 01:33:05,Shipped,US,Platform,Expedited,PROD-21,Seasoning,1,USD,9.99,0.2,,,APEX,NC,US,Standard,False
ORD-0608,2026-02-28 15:21:09,2026-02-28 20:45:05,Shipped,US,Platform,Expedited,PROD-43,Smoked Salt,1,USD,13.99,0.17,,,CLEVER,MO,US,Standard,False
ORD-0319,2026-02-28 03:41:05,2026-03-01 00:54:12,Shipped,US,Platform,Expedited,PROD-43,Smoked Salt,1,USD,13.99,,,,NORWALK,CT,US,Standard,False
ORD-0246,2026-02-28 02:28:31,2026-03-01 03:27:40,Shipped,US,Platform,Expedited,PROD-28,Seasoning,1,USD,9.99,0.6,,,Eagle,ID,US,Standard,False
ORD-0339,2026-02-28 00:37:00,2026-03-01 00:30:11,Shipped,US,Platform,Expedited,PROD-43,Smoked Salt,1,USD,13.99,,,,KATY,TX,US,Standard,False
ORD-0155,2026-02-27 23:47:22,2026-02-28 11:25:06,Shipped,US,Platform,Expedited,PROD-43,Smoked Salt,1,USD,13.99,,,,HAMPTON,NH,US,Standard,False
ORD-0127,2026-02-27 23:19:54,2026-03-02 09:47:20,Shipped,US,Platform,Expedited,PROD-48,Sauce,1,USD,9.99,0.1,,,ROANOKE,VA,US,Standard,False
ORD-0368,2026-02-27 22:18:28,2026-03-01 20:45:51,Cancelled,US,Platform,Expedited,PROD-48,Sauce,0,,,,,,LOS ANGELES,CA,US,Standard,False
ORD-0114,2026-02-27 19:46:21,2026-02-28 08:05:38,Shipped,US,Platform,Expedited,PROD-52,Sauce,1,USD,9.99,,,,SUGAR LAND,TX,US,Standard,False
ORD-0174,2026-02-27 19:21:54,2026-03-01 10:23:18,Shipped,US,Platform,Expedited,PROD-45,Sauce,1,USD,9.99,,,,Dade City,Florida,US,Standard,False
ORD-0058,2026-02-27 18:55:42,2026-02-28 02:49:06,Shipped,US,Platform,Expedited,PROD-32,Seasoning,1,USD,9.99,,,,MCALLEN,TX,US,Standard,False
ORD-0345,2026-02-27 17:47:40,2026-02-28 06:14:26,Shipped,US,Platform,Expedited,PROD-43,Smoked Salt,1,USD,13.99,0.14,,,SYCAMORE,IL,US,Standard,False
ORD-0223,2026-02-27 14:52:35,2026-02-27 22:01:02,Shipped,US,Platform,Expedited,PROD-18,Bundle,1,USD,55.99,,,,MIAMI,FL,US,Standard,False
ORD-0018,2026-02-27 14:50:24,2026-02-28 00:05:36,Shipped,US,Platform,Expedited,PROD-43,Smoked Salt,2,USD,27.98,,,,HOUSTON,TX,US,Standard,False
ORD-0321,2026-02-27 12:50:14,2026-02-28 04:54:24,Shipped,US,Platform,Expedited,PROD-52,Sauce,1,USD,9.99,,,,HOUSTON,TX,US,Standard,False
ORD-0256,2026-02-27 05:53:50,2026-02-28 07:54:18,Shipped,US,Platform,Expedited,PROD-21,Seasoning,1,USD,9.99,,,,FORT WORTH,TX,US,Standard,False
ORD-0328,2026-02-27 05:13:19,2026-02-27 11:32:59,Shipped,US,Platform,Expedited,PROD-43,Smoked Salt,1,USD,13.99,,,,DYER,IN,US,Standard,False
ORD-0594,2026-02-27 03:23:06,2026-03-02 09:27:19,Shipped,US,Platform,Standard,PROD-43,Smoked Salt,1,USD,13.99,,0.85,,Westbury,NY,US,Standard,False
ORD-0191,2026-02-27 03:22:12,2026-02-28 04:43:18,Shipped,US,Platform,Expedited,PROD-43,Smoked Salt,1,USD,13.99,1.12,,,PINSON,AL,US,Standard,False
ORD-0191,2026-02-27 03:22:12,2026-02-28 04:43:18,Shipped,US,Platform,Expedited,PROD-16,Bundle,1,USD,35.99,2.88,,,PINSON,AL,US,Standard,False
ORD-0342,2026-02-27 03:17:54,2026-02-27 03:23:47,Cancelled,US,Platform,Standard,PROD-43,Smoked Salt,0,,,,,,Westbury,NY,US,Standard,False
ORD-0544,2026-02-27 02:33:14,2026-02-27 18:33:40,Shipped,US,Platform,Expedited,PROD-52,Sauce,1,USD,9.99,,,,BEAVERTON,OR,US,Standard,False
ORD-0292,2026-02-27 02:06:15,2026-02-28 00:07:08,Shipped,US,Platform,Expedited,PROD-56,Bundle,1,USD,35.99,,,,SONORA,TX,US,Standard,False
ORD-0095,2026-02-26 21:25:01,2026-03-04 07:29:53,Pending,US,Platform,Standard,PROD-42,Smoked Salt,1,USD,19.99,,,,Mount Prospect,IL,US,Standard,False
ORD-0095,2026-02-26 21:25:01,2026-03-04 07:29:53,Pending,US,Platform,Standard,PROD-21,Seasoning,1,USD,9.99,0.22,0.08,,Mount Prospect,IL,US,Standard,False
ORD-0095,2026-02-26 21:25:01,2026-03-04 07:29:53,Pending,US,Platform,Standard,PROD-32,Seasoning,1,USD,9.99,0.22,0.08,,Mount Prospect,IL,US,Standard,False
ORD-0095,2026-02-26 21:25:01,2026-03-04 07:29:53,Pending,US,Platform,Standard,PROD-34,Seasoning,1,USD,9.99,0.22,,,Mount Prospect,IL,US,Standard,False
ORD-0095,2026-02-26 21:25:01,2026-03-04 07:29:53,Pending,US,Platform,Standard,PROD-35,Seasoning,1,USD,9.99,0.22,0.09,,Mount Prospect,IL,US,Standard,False
ORD-0181,2026-02-26 20:04:34,2026-03-01 16:41:51,Shipped,US,Platform,Standard,PROD-04,Bundle,2,USD,93.98,,,,KIHEI,HI,US,Standard,True
ORD-0396,2026-02-26 18:15:19,2026-02-28 10:25:50,Shipped,US,Platform,Expedited,PROD-43,Smoked Salt,1,USD,13.99,,,,EAST WENATCHEE,WA,US,Standard,False
ORD-0355,2026-02-26 18:04:35,2026-02-27 05:48:55,Shipped,US,Platform,Expedited,PROD-18,Bundle,1,USD,55.99,,,,STRONGSVILLE,OH,US,Standard,False
ORD-0551,2026-02-26 17:23:58,2026-02-27 05:27:14,Shipped,US,Platform,Expedited,PROD-43,Smoked Salt,1,USD,13.99,,,,NEW YORK,NY,US,Standard,False
ORD-0335,2026-02-26 14:02:51,2026-02-26 14:14:54,Cancelled,US,Platform,Expedited,PROD-43,Smoked Salt,0,,,,,,EAU CLAIRE,WI,US,Standard,False
ORD-0006,2026-02-26 11:49:05,2026-02-27 22:39:05,Shipped,US,Platform,Expedited,PROD-28,Seasoning,1,USD,9.99,,,,BROWNSVILLE,TX,US,Standard,False
ORD-0046,2026-02-26 11:48:32,2026-03-02 16:54:33,Shipped,US,Platform,Expedited,PROD-34,Seasoning,2,USD,19.98,,,,BROWNSVILLE,TX,US,Standard,False
ORD-0046,2026-02-26 11:48:32,2026-03-02 16:54:33,Shipped,US,Platform,Expedited,PROD-02,Seasoning,1,USD,39.99,,,,BROWNSVILLE,TX,US,Standard,False
ORD-0046,2026-02-26 11:48:32,2026-03-02 16:54:33,Shipped,US,Platform,Expedited,PROD-37,Smoked Salt,1,USD,44.99,,,,BROWNSVILLE,TX,US,Standard,False
ORD-0577,2026-02-26 06:29:16,2026-02-27 04:52:44,Shipped,US,Platform,Expedited,PROD-21,Seasoning,1,USD,9.99,0.25,,,AVONDALE,AZ,US,Standard,False
ORD-0417,2026-02-26 06:28:32,2026-02-27 04:52:40,Shipped,US,Platform,Expedited,PROD-21,Seasoning,1,USD,9.99,0.25,,,AVONDALE,AZ,US,Standard,False
ORD-0526,2026-02-26 05:28:11,2026-03-01 22:17:34,Shipped,US,Platform,Expedited,PROD-32,Seasoning,2,USD,19.98,0.5,,,AVONDALE,AZ,US,Standard,False
ORD-0017,2026-02-26 03:32:01,2026-02-26 22:41:02,Shipped,US,Platform,Expedited,PROD-43,Smoked Salt,1,USD,13.99,,,,MIAMI,FL,US,Standard,False
ORD-0049,2026-02-26 02:19:12,2026-03-01 05:19:35,Cancelled,US,Platform,Expedited,PROD-35,Seasoning,0,,,,,,SAN ANTONIO,TX,US,Standard,False
ORD-0049,2026-02-26 02:19:12,2026-03-01 05:19:35,Cancelled,US,Platform,Expedited,PROD-21,Seasoning,0,,,,,,SAN ANTONIO,TX,US,Standard,False
ORD-0049,2026-02-26 02:19:12,2026-03-01 05:19:35,Cancelled,US,Platform,Expedited,PROD-32,Seasoning,0,,,,,,SAN ANTONIO,TX,US,Standard,False
ORD-0600,2026-02-26 00:23:24,2026-02-26 16:22:25,Shipped,US,Platform,Expedited,PROD-43,Smoked Salt,1,USD,13.99,,,,Pleasant Hill,IL,US,Standard,False
ORD-0566,2026-02-25 23:35:08,2026-02-28 00:15:05,Shipped,US,Platform,Expedited,PROD-06,Snack,1,USD,13.99,,,,San Antonio,texas,US,Standard,False
ORD-0004,2026-02-25 22:19:16,2026-02-26 06:15:20,Shipped,US,Platform,Expedited,PROD-52,Sauce,1,USD,9.99,,,,Houston,Texas,US,Standard,False
ORD-0350,2026-02-25 18:43:40,2026-02-26 02:00:51,Shipped,US,Platform,Expedited,PROD-43,Smoked Salt,1,USD,13.99,,,,RIVERVIEW,FL,US,Standard,False
ORD-0557,2026-02-25 18:18:57,2026-02-26 05:18:52,Shipped,US,Platform,Expedited,PROD-52,Sauce,1,USD,9.99,,,,PRESCOTT,AZ,US,Standard,False
ORD-0470,2026-02-25 18:12:33,2026-02-26 10:43:42,Shipped,US,Platform,Standard,PROD-43,Smoked Salt,1,USD,13.99,0.87,4.4,,Albuquerque,New Mexico,US,Standard,False
ORD-0389,2026-02-25 15:08:54,2026-02-25 22:41:59,Shipped,US,Platform,Expedited,PROD-43,Smoked Salt,1,USD,13.99,,,,DOUGLAS,AZ,US,Standard,False
ORD-0465,2026-02-25 15:03:16,2026-02-25 19:23:10,Cancelled,US,Platform,Expedited,PROD-34,Seasoning,0,,,,,,DOUGLAS,AZ,US,Standard,False
ORD-0395,2026-02-25 03:53:06,2026-02-25 09:01:53,Shipped,US,Platform,Expedited,PROD-52,Sauce,1,USD,9.99,,,,LAS VEGAS,NV,US,Standard,False
ORD-0226,2026-02-25 01:42:24,2026-02-26 01:11:31,Shipped,US,Platform,Expedited,PROD-52,Sauce,1,USD,9.99,,,,LEHIGH ACRES,FL,US,Standard,False
ORD-0027,2026-02-24 19:00:02,2026-02-26 00:47:21,Shipped,US,Platform,Expedited,PROD-32,Seasoning,1,USD,9.99,,,,MIAMI,FL,US,Standard,False
ORD-0569,2026-02-24 18:59:42,2026-02-25 14:33:27,Shipped,US,Platform,Expedited,PROD-34,Seasoning,1,USD,9.99,,,,MIAMI,FL,US,Standard,False
ORD-0264,2026-02-24 08:28:58,2026-02-24 22:32:38,Shipped,US,Platform,Standard,PROD-50,Sauce,3,USD,29.97,,6.99,,SARASOTA,FL,US,Standard,False
ORD-0051,2026-02-24 04:51:14,2026-02-24 12:02:52,Shipped,US,Platform,Expedited,PROD-43,Smoked Salt,1,USD,13.99,,,,SALEM,OR,US,Standard,False
ORD-0230,2026-02-24 02:10:54,2026-02-24 08:12:23,Shipped,US,Platform,Expedited,PROD-43,Smoked Salt,1,USD,13.99,,,,SAN JOSE,CA,US,Standard,False
ORD-0038,2026-02-24 00:53:53,2026-02-24 17:44:18,Shipped,US,Platform,Expedited,PROD-48,Sauce,1,USD,9.99,,,,SAN ANGELO,TX,US,Standard,False
ORD-0038,2026-02-24 00:53:53,2026-02-24 17:44:18,Shipped,US,Platform,Expedited,PROD-52,Sauce,1,USD,9.99,,,,SAN ANGELO,TX,US,Standard,False
ORD-0158,2026-02-24 00:18:55,2026-02-25 16:55:51,Shipped,US,Platform,Standard,PROD-43,Smoked Salt,1,USD,13.99,,,,San tan valley,AZ,US,Standard,False
ORD-0238,2026-02-23 18:05:49,2026-02-24 20:35:58,Shipped,US,Platform,Expedited,PROD-52,Sauce,1,USD,9.99,0.67,,,MEMPHIS,TN,US,Standard,False
ORD-0595,2026-02-23 18:05:03,2026-02-24 03:00:39,Shipped,US,Platform,Expedited,PROD-43,Smoked Salt,2,USD,27.98,,,,HOUSTON,TX,US,Standard,False
ORD-0176,2026-02-23 17:56:16,2026-02-24 18:14:20,Shipped,US,Platform,Expedited,PROD-48,Sauce,1,USD,9.99,0.4,,,BETHANY,OK,US,Standard,False
ORD-0520,2026-02-23 17:25:12,2026-02-24 22:39:33,Shipped,US,Platform,Expedited,PROD-07,Snack,1,USD,13.99,,,,CARMEL,NY,US,Standard,False
ORD-0437,2026-02-23 16:47:00,2026-02-23 16:47:05,Pending,US,Platform,Expedited,PROD-42,Smoked Salt,1,USD,19.99,,,,MIRAMAR,FL,US,Standard,False
ORD-0195,2026-02-23 16:21:56,2026-03-04 23:45:55,Shipped,US,Platform,Expedited,PROD-06,Snack,1,USD,13.99,,0.5,,LEXINGTON,KY,US,Standard,False
ORD-0522,2026-02-23 16:08:20,2026-02-24 07:40:37,Shipped,US,Platform,Expedited,PROD-43,Smoked Salt,1,USD,13.99,,0.33,,DAVIE,FL,US,Standard,False
ORD-0384,2026-02-23 15:58:03,2026-02-24 02:02:58,Shipped,US,Platform,Expedited,PROD-52,Sauce,1,USD,9.99,,,,SUGAR LAND,TX,US,Standard,False
ORD-0599,2026-02-23 14:19:36,2026-02-26 17:08:48,Shipped,US,Platform,Expedited,PROD-07,Snack,2,USD,27.98,1.88,,,Huntingdon,TN,US,Standard,False
ORD-0528,2026-02-23 13:40:58,2026-02-23 23:36:33,Shipped,US,Platform,Expedited,PROD-43,Smoked Salt,1,USD,13.99,,,,MISSION,TX,US,Standard,False
ORD-0068,2026-02-23 04:31:21,2026-02-23 09:40:00,Shipped,US,Platform,Expedited,PROD-21,Seasoning,1,USD,9.99,,,,NORTHRIDGE,CA,US,Standard,False
ORD-0415,2026-02-23 04:30:57,2026-02-24 10:30:55,Shipped,US,Platform,Expedited,PROD-32,Seasoning,1,USD,9.99,0.2,,,HILLSBOROUGH,NC,US,Standard,False
ORD-0415,2026-02-23 04:30:57,2026-02-24 10:30:55,Shipped,US,Platform,Expedited,PROD-35,Seasoning,1,USD,9.99,0.2,,,HILLSBOROUGH,NC,US,Standard,False
ORD-0169,2026-02-23 04:04:50,2026-02-23 23:16:08,Shipped,US,Platform,Expedited,PROD-43,Smoked Salt,1,USD,13.99,0.42,,,SARATOGA SPRINGS,UT,US,Standard,False
ORD-0501,2026-02-23 02:34:32,2026-02-28 02:24:36,Cancelled,US,Platform,Expedited,PROD-43,Smoked Salt,0,,,,,,SYLVANIA,GA,US,Standard,False
ORD-0163,2026-02-23 02:33:39,2026-02-24 20:38:19,Shipped,US,Platform,Expedited,PROD-43,Smoked Salt,1,USD,13.99,0.28,,,OAK ISLAND,NC,US,Standard,False
ORD-0310,2026-02-23 02:14:08,2026-02-26 00:46:17,Shipped,US,Platform,Expedited,PROD-32,Seasoning,1,USD,9.99,,,,Sheboygan,WI,US,Standard,False
ORD-0310,2026-02-23 02:14:08,2026-02-26 00:46:17,Shipped,US,Platform,Expedited,PROD-35,Seasoning,1,USD,9.99,,,,Sheboygan,WI,US,Standard,False
ORD-0310,2026-02-23 02:14:08,2026-02-26 00:46:17,Shipped,US,Platform,Expedited,PROD-21,Seasoning,1,USD,9.99,,,,Sheboygan,WI,US,Standard,False
ORD-0194,2026-02-22 22:45:44,2026-02-23 09:18:02,Shipped,US,Platform,Standard,PROD-43,Smoked Salt,1,USD,13.99,,2.85,,ROBBINSDALE,MN,US,Standard,False
ORD-0153,2026-02-22 22:28:03,2026-02-24 06:10:05,Shipped,US,Platform,Expedited,PROD-21,Seasoning,1,USD,9.99,,,,HOUSTON,TX,US,Standard,False
ORD-0351,2026-02-22 21:19:51,2026-02-24 19:15:45,Shipped,US,Platform,Expedited,PROD-50,Sauce,1,USD,9.99,,,,AVENTURA,FL,US,Standard,False
ORD-0361,2026-02-22 18:49:46,2026-02-25 16:28:59,Shipped,US,Platform,Expedited,PROD-43,Smoked Salt,1,USD,13.99,0.8,,,LAKE CHARLES,LA,US,Standard,False
ORD-0227,2026-02-22 17:14:33,2026-02-24 04:48:56,Shipped,US,Platform,Expedited,PROD-07,Snack,1,USD,13.99,,,,OXNARD,CA,US,Standard,False
ORD-0357,2026-02-22 16:26:59,2026-02-25 21:16:20,Shipped,US,Platform,Expedited,PROD-48,Sauce,1,USD,9.99,,,,North Mankato,MN,US,Standard,False
ORD-0104,2026-02-22 05:18:40,2026-02-23 17:13:17,Shipped,US,Platform,Standard,PROD-07,Snack,1,USD,13.99,,0.2,,LOS ANGELES,CA,US,Standard,False
ORD-0420,2026-02-22 05:00:58,2026-02-22 17:33:10,Shipped,US,Platform,Expedited,PROD-56,Bundle,1,USD,35.99,,,,SAN FRANCISCO,CA,US,Standard,False
ORD-0075,2026-02-22 03:30:29,2026-02-22 09:48:03,Shipped,US,Platform,Expedited,PROD-56,Bundle,1,USD,35.99,,,,HUDSON,CO,US,Standard,True
ORD-0452,2026-02-22 02:08:00,2026-02-22 11:14:28,Shipped,US,Platform,Expedited,PROD-56,Bundle,1,USD,35.99,0.18,,,CONIFER,CO,US,Standard,False
ORD-0598,2026-02-22 01:58:02,2026-02-22 08:47:49,Shipped,US,Platform,Expedited,PROD-43,Smoked Salt,1,USD,13.99,,,,CAPE CORAL,FL,US,Standard,False
ORD-0120,2026-02-22 00:52:27,2026-02-22 21:26:07,Shipped,US,Platform,Expedited,PROD-32,Seasoning,1,USD,9.99,,,,KALAMAZOO,MI,US,Standard,False
ORD-0416,2026-02-21 23:49:29,2026-02-23 22:32:02,Shipped,US,Platform,Expedited,PROD-07,Snack,1,USD,13.99,,,,SOUTH EASTON,MA,US,Standard,False
ORD-0439,2026-02-21 23:47:29,2026-02-22 22:53:24,Shipped,US,Platform,Expedited,PROD-18,Bundle,1,USD,55.99,,,,CONVERSE,TX,US,Standard,False
ORD-0583,2026-02-21 23:42:29,2026-02-23 02:45:39,Shipped,US,Platform,Expedited,PROD-43,Smoked Salt,2,USD,27.98,,,,CONVERSE,TX,US,Standard,False
ORD-0208,2026-02-21 23:17:42,2026-02-23 03:09:10,Shipped,US,Platform,Expedited,PROD-18,Bundle,1,USD,55.99,,,,MELBOURNE,FL,US,Standard,False
ORD-0358,2026-02-21 23:09:53,2026-02-21 23:15:02,Cancelled,US,Platform,Expedited,PROD-18,Bundle,0,,,,,,MELBOURNE,FL,US,Standard,False
ORD-0527,2026-02-21 22:04:26,2026-02-28 07:07:56,Shipped,US,Platform,Expedited,PROD-52,Sauce,1,USD,9.99,,,,BEND,OR,US,Standard,False
ORD-0366,2026-02-21 21:41:54,2026-02-24 21:21:58,Shipped,US,Platform,Expedited,PROD-43,Smoked Salt,1,USD,13.99,,,,MIDLAND,TX,US,Standard,True
ORD-0434,2026-02-21 19:34:32,2026-02-22 09:19:16,Shipped,US,Platform,Expedited,PROD-21,Seasoning,1,USD,9.99,,,,GEORGETOWN,TX,US,Standard,False
ORD-0009,2026-02-21 19:34:18,2026-02-22 09:19:11,Shipped,US,Platform,Expedited,PROD-35,Seasoning,1,USD,9.99,,,,GEORGETOWN,TX,US,Standard,False
ORD-0405,2026-02-21 19:32:15,2026-02-24 17:19:07,Shipped,US,Platform,Expedited,PROD-16,Bundle,1,USD,35.99,,,,GEORGETOWN,TX,US,Standard,False
ORD-0037,2026-02-21 19:30:40,2026-02-22 06:50:38,Shipped,US,Platform,Expedited,PROD-43,Smoked Salt,1,USD,13.99,,,,GEORGETOWN,TX,US,Standard,False
ORD-0140,2026-02-21 19:08:19,2026-02-22 13:24:27,Shipped,US,Platform,Expedited,PROD-43,Smoked Salt,1,USD,13.99,,,,LINCOLN PARK,MI,US,Standard,False
ORD-0254,2026-02-21 18:22:06,2026-02-22 10:40:39,Shipped,US,Platform,Expedited,PROD-07,Snack,1,USD,13.99,0.28,,,CHARLESTON,SC,US,Standard,False
ORD-0304,2026-02-21 17:51:01,2026-02-22 03:22:36,Shipped,US,Platform,Standard,PROD-43,Smoked Salt,1,USD,13.99,,3.13,,YIGO,GU,US,Standard,False
ORD-0529,2026-02-21 16:49:16,2026-02-21 20:54:13,Shipped,US,Platform,Expedited,PROD-43,Smoked Salt,1,USD,13.99,0.35,,,FLORISSANT,MO,US,Standard,False
ORD-0060,2026-02-21 14:41:54,2026-02-21 20:04:54,Shipped,US,Platform,Expedited,PROD-43,Smoked Salt,1,USD,13.99,0.28,,,Spring Lake,North Carolina,US,Standard,False
ORD-0112,2026-02-21 13:08:14,2026-02-22 07:36:21,Shipped,US,Platform,Expedited,PROD-07,Snack,1,USD,13.99,,,,CEDAR RAPIDS,IA,US,Standard,False
ORD-0502,2026-02-21 12:26:31,2026-02-21 20:48:42,Shipped,US,Platform,Expedited,PROD-18,Bundle,1,USD,55.99,,,,SAN MARCOS,TX,US,Standard,False
ORD-0560,2026-02-21 06:31:46,2026-02-21 12:20:27,Shipped,US,Platform,Expedited,PROD-43,Smoked Salt,1,USD,13.99,0.42,,,murray,ut,US,Standard,False
ORD-0381,2026-02-21 06:22:07,2026-02-23 11:43:16,Shipped,US,Platform,Expedited,PROD-52,Sauce,2,USD,19.98,0.8,,,VAIL,CO,US,Standard,False
ORD-0263,2026-02-21 05:37:39,2026-03-03 21:10:47,Shipped,US,Platform,Expedited,PROD-07,Snack,1,USD,13.99,0.27,,,FORT HUACHUCA,AZ,US,Standard,False
ORD-0516,2026-02-21 05:16:04,2026-02-22 00:02:34,Shipped,US,Platform,Expedited,PROD-07,Snack,1,USD,13.99,,,,RICHMOND,TX,US,Standard,False
ORD-0516,2026-02-21 05:16:04,2026-02-22 00:02:34,Shipped,US,Platform,Expedited,PROD-09,Snack,1,USD,13.99,,,,RICHMOND,TX,US,Standard,False
ORD-0298,2026-02-21 03:09:29,2026-02-22 04:53:39,Shipped,US,Platform,Expedited,PROD-48,Sauce,1,USD,9.99,,,,FRIDLEY,MN,US,Standard,False
ORD-0151,2026-02-21 02:07:20,2026-02-22 02:41:41,Shipped,US,Platform,Expedited,PROD-52,Sauce,1,USD,9.99,,,,BELTON,TX,US,Standard,False
ORD-0267,2026-02-21 00:57:05,2026-02-22 06:19:31,Shipped,US,Platform,Expedited,PROD-48,Sauce,1,USD,9.99,0.15,,,SHAWNEE,OK,US,Standard,False
ORD-0535,2026-02-20 23:41:01,2026-02-22 09:19:35,Shipped,US,Platform,Standard,PROD-42,Smoked Salt,1,USD,19.99,,4.21,,Toronto,Ontario,CA,Standard,False
ORD-0535,2026-02-20 23:41:01,2026-02-22 09:19:35,Shipped,US,Platform,Standard,PROD-43,Smoked Salt,3,USD,41.97,,12.63,,Toronto,Ontario,CA,Standard,False
ORD-0360,2026-02-20 22:52:14,2026-02-21 07:17:40,Shipped,US,Platform,Expedited,PROD-43,Smoked Salt,1,USD,13.99,,,,FREEPORT,NY,US,Standard,False
ORD-0547,2026-02-20 22:30:30,2026-02-21 09:26:53,Shipped,US,Platform,Expedited,PROD-43,Smoked Salt,1,USD,13.99,,,,LEONIA,NJ,US,Standard,True
ORD-0039,2026-02-20 17:14:13,2026-02-22 00:50:40,Shipped,US,Platform,NextDay,PROD-43,Smoked Salt,1,USD,13.99,,1.8,,HONDO,TX,US,Standard,False
ORD-0515,2026-02-20 17:08:25,2026-02-21 08:31:24,Shipped,US,Platform,Expedited,PROD-07,Snack,1,USD,13.99,,,,FISHERS,IN,US,Standard,False
ORD-0308,2026-02-20 12:29:36,2026-02-20 21:28:50,Shipped,US,Platform,Expedited,PROD-43,Smoked Salt,1,USD,13.99,,,,BUFFALO,NY,US,Standard,False
ORD-0199,2026-02-20 04:41:43,2026-02-22 05:27:33,Shipped,US,Platform,Expedited,PROD-42,Smoked Salt,1,USD,19.99,1.35,,,NOLENSVILLE,TN,US,Standard,False
ORD-0199,2026-02-20 04:41:43,2026-02-22 05:27:33,Shipped,US,Platform,Expedited,PROD-52,Sauce,1,USD,9.99,0.67,,,NOLENSVILLE,TN,US,Standard,False
ORD-0498,2026-02-20 04:24:50,2026-02-20 23:46:10,Shipped,US,Platform,Expedited,PROD-52,Sauce,1,USD,9.99,,,,WASHINGTON,DC,US,Standard,False
ORD-0382,2026-02-20 03:16:23,2026-02-20 11:13:12,Shipped,US,Platform,Expedited,PROD-07,Snack,1,USD,13.99,,,,LOS ANGELES,CA,US,Standard,False
ORD-0147,2026-02-20 02:55:25,2026-02-22 09:27:44,Shipped,US,Platform,Expedited,PROD-37,Smoked Salt,1,USD,44.99,,,,MISSION,TX,US,Standard,False
ORD-0504,2026-02-20 01:33:04,2026-02-21 01:41:50,Shipped,US,Platform,Expedited,PROD-52,Sauce,1,USD,9.99,,,,ANDREWS,TX,US,Standard,False
ORD-0549,2026-02-20 00:47:57,2026-02-22 08:36:27,Shipped,US,Platform,Expedited,PROD-07,Snack,1,USD,13.99,,,,RENO,NV,US,Standard,False
ORD-0148,2026-02-20 00:03:51,2026-02-20 06:53:20,Shipped,US,Platform,Expedited,PROD-43,Smoked Salt,1,USD,13.99,,,,NEW FREEDOM,PA,US,Standard,False
ORD-0450,2026-02-19 23:24:58,2026-02-23 01:48:19,Shipped,US,Platform,Expedited,PROD-07,Snack,1,USD,13.99,,,,Terrebonne,OR,US,Standard,True
ORD-0349,2026-02-19 22:42:39,2026-02-20 02:56:29,Shipped,US,Platform,Expedited,PROD-43,Smoked Salt,1,USD,13.99,,,,ESCONDIDO,CA,US,Standard,False
ORD-0326,2026-02-19 21:24:18,2026-02-20 03:30:36,Shipped,US,Platform,Expedited,PROD-48,Sauce,1,USD,9.99,0.1,,,LORTON,VA,US,Standard,False
ORD-0421,2026-02-19 20:19:32,2026-02-20 08:20:40,Shipped,US,Platform,Expedited,PROD-43,Smoked Salt,1,USD,13.99,,,,LAS VEGAS,NV,US,Standard,False
ORD-0124,2026-02-19 19:29:20,2026-02-20 06:41:07,Shipped,US,Platform,Expedited,PROD-06,Snack,1,USD,13.99,,,,SAN ANTONIO,TX,US,Standard,True
ORD-0124,2026-02-19 19:29:20,2026-02-20 06:41:07,Shipped,US,Platform,Expedited,PROD-56,Bundle,1,USD,35.99,,,,SAN ANTONIO,TX,US,Standard,True
ORD-0537,2026-02-19 18:00:35,2026-02-21 02:20:14,Shipped,US,Platform,Standard,PROD-43,Smoked Salt,1,USD,13.99,,0.37,,ELMSFORD,NY,US,Standard,False
ORD-0097,2026-02-19 17:39:43,2026-02-20 01:17:24,Shipped,US,Platform,Expedited,PROD-43,Smoked Salt,1,USD,13.99,,,,CYPRESS,TX,US,Standard,False
ORD-0144,2026-02-19 16:46:55,2026-02-20 03:36:18,Shipped,US,Platform,Expedited,PROD-43,Smoked Salt,1,USD,13.99,0.14,,,NORFOLK,VA,US,Standard,False
ORD-0240,2026-02-19 14:19:07,2026-02-19 21:52:44,Shipped,US,Platform,Expedited,PROD-52,Sauce,1,USD,9.99,,,,COMMERCE TWP,MI,US,Standard,False
ORD-0404,2026-02-19 05:00:32,2026-02-20 11:05:19,Shipped,US,Platform,Expedited,PROD-16,Bundle,1,USD,35.99,,,,San ysidro,CA,US,Standard,False
ORD-0098,2026-02-19 01:11:31,2026-03-06 19:57:16,Shipped,US,Platform,Expedited,PROD-42,Smoked Salt,1,USD,19.99,,,,LOS ANGELES,CA,US,Standard,False
ORD-0372,2026-02-19 00:55:06,2026-02-19 04:49:47,Shipped,US,Platform,Standard,PROD-43,Smoked Salt,1,USD,13.99,1.04,6.99,,RIO RANCHO,NM,US,Standard,False
ORD-0325,2026-02-18 23:11:24,2026-02-19 08:50:19,Shipped,US,Platform,Expedited,PROD-52,Sauce,1,USD,9.99,,,,GREENVILLE,OH,US,Standard,False
ORD-0280,2026-02-18 22:46:31,2026-02-19 19:43:38,Shipped,US,Platform,Expedited,PROD-56,Bundle,1,USD,35.99,,,,IRVINE,CA,US,Standard,False
ORD-0280,2026-02-18 22:46:31,2026-02-19 19:43:38,Shipped,US,Platform,Expedited,PROD-45,Sauce,1,USD,9.99,,,,IRVINE,CA,US,Standard,False
ORD-0294,2026-02-18 22:36:47,2026-02-19 20:56:28,Shipped,US,Platform,Expedited,PROD-42,Smoked Salt,1,USD,19.99,,,,LOS ANGELES,CA,US,Standard,False
ORD-0590,2026-02-18 22:36:47,2026-02-19 08:25:07,Shipped,US,Platform,Expedited,PROD-32,Seasoning,1,USD,9.99,,2.99,,LOS ANGELES,CA,US,Standard,False
ORD-0123,2026-02-18 20:39:29,2026-02-19 08:13:03,Shipped,US,Platform,Expedited,PROD-43,Smoked Salt,1,USD,13.99,,,,HOWE,IN,US,Standard,False
ORD-0184,2026-02-18 20:38:03,2026-02-20 03:51:56,Shipped,US,Platform,Expedited,PROD-07,Snack,1,USD,13.99,,,,SOUTHLAKE,TX,US,Standard,False
ORD-0184,2026-02-18 20:38:03,2026-02-20 03:51:56,Shipped,US,Platform,Expedited,PROD-06,Snack,1,USD,13.99,,,,SOUTHLAKE,TX,US,Standard,False
ORD-0203,2026-02-18 20:34:26,2026-02-19 02:06:58,Shipped,US,Platform,Expedited,PROD-43,Smoked Salt,1,USD,13.99,,,,SAN ANTONIO,TX,US,Standard,True
ORD-0324,2026-02-18 17:53:23,2026-02-19 01:26:26,Shipped,US,Platform,Expedited,PROD-16,Bundle,1,USD,35.99,,,,TOMAHAWK,WI,US,Standard,False
ORD-0247,2026-02-18 15:51:11,2026-02-18 21:04:58,Shipped,US,Platform,Expedited,PROD-43,Smoked Salt,1,USD,13.99,,,,FOSTER,RI,US,Standard,False
ORD-0448,2026-02-18 15:21:45,2026-02-19 03:19:57,Shipped,US,Platform,Expedited,PROD-43,Smoked Salt,1,USD,13.99,,1.0,,DELTONA,FL,US,Standard,False
ORD-0620,2026-02-18 14:29:41,2026-02-19 12:59:00,Shipped,US,Platform,Expedited,PROD-43,Smoked Salt,1,USD,13.99,0.42,,,PONCHATOULA,LA,US,Standard,False
ORD-0513,2026-02-18 13:07:09,2026-02-22 00:57:50,Shipped,US,Platform,Expedited,PROD-45,Sauce,1,USD,9.99,,7.18,,Villavicencio,Meta,CO,Standard,False
ORD-0440,2026-02-18 05:24:20,2026-02-18 06:15:46,Cancelled,US,Platform,Expedited,PROD-52,Sauce,0,,,,,,NOVI,MI,US,Standard,False
ORD-0440,2026-02-18 05:24:20,2026-02-18 06:15:46,Cancelled,US,Platform,Expedited,PROD-50,Sauce,0,,,,,,NOVI,MI,US,Standard,False
ORD-0546,2026-02-18 05:23:39,2026-02-18 12:50:07,Shipped,US,Platform,Expedited,PROD-35,Seasoning,1,USD,9.99,,,,LAKEWOOD,CA,US,Standard,False
ORD-0418,2026-02-18 04:00:37,2026-02-18 23:25:25,Shipped,US,Platform,Expedited,PROD-43,Smoked Salt,1,USD,13.99,0.28,,,GILBERT,AZ,US,Standard,False
ORD-0126,2026-02-18 03:34:27,2026-02-18 10:38:54,Shipped,US,Platform,Expedited,PROD-32,Seasoning,1,USD,9.99,0.17,,,NAPERVILLE,IL,US,Standard,False
ORD-0126,2026-02-18 03:34:27,2026-02-18 10:38:54,Shipped,US,Platform,Expedited,PROD-52,Sauce,1,USD,9.99,0.17,,,NAPERVILLE,IL,US,Standard,False
ORD-0126,2026-02-18 03:34:27,2026-02-18 10:38:54,Shipped,US,Platform,Expedited,PROD-50,Sauce,1,USD,9.99,0.17,,,NAPERVILLE,IL,US,Standard,False
ORD-0403,2026-02-18 01:04:54,2026-02-18 23:21:42,Shipped,US,Platform,Expedited,PROD-52,Sauce,1,USD,9.99,0.1,,,FORT SMITH,AR,US,Standard,False
ORD-0457,2026-02-17 21:15:28,2026-02-18 01:57:05,Shipped,US,Platform,Expedited,PROD-43,Smoked Salt,2,USD,27.98,,,,HOUSTON,TX,US,Standard,False
ORD-0443,2026-02-17 20:10:46,2026-02-18 03:04:25,Shipped,US,Platform,Expedited,PROD-43,Smoked Salt,1,USD,13.99,,,,FORT MYERS,FL,US,Standard,False
ORD-0224,2026-02-17 19:52:28,2026-02-18 04:08:53,Shipped,US,Platform,Expedited,PROD-43,Smoked Salt,1,USD,13.99,,,,AVENTURA,FL,US,Standard,False
ORD-0343,2026-02-17 19:41:04,2026-02-18 10:11:45,Shipped,US,Platform,Expedited,PROD-43,Smoked Salt,2,USD,27.98,,,,HOWELL,MI,US,Standard,False
ORD-0054,2026-02-17 18:48:57,2026-02-18 05:31:46,Shipped,US,Platform,Expedited,PROD-52,Sauce,2,USD,19.98,,,,KENNETT SQUARE,PA,US,Standard,False
ORD-0054,2026-02-17 18:48:57,2026-02-18 05:31:46,Shipped,US,Platform,Expedited,PROD-56,Bundle,1,USD,35.99,,,,KENNETT SQUARE,PA,US,Standard,False
ORD-0220,2026-02-17 17:58:35,2026-02-18 08:19:54,Shipped,US,Platform,Expedited,PROD-07,Snack,1,USD,13.99,,,,Rockwall,Tx,US,Standard,False
ORD-0130,2026-02-17 15:20:31,2026-02-26 04:07:37,Shipped,US,Platform,Standard,PROD-32,Seasoning,1,USD,9.99,0.09,,,OAKTON,VA,US,Standard,False
ORD-0593,2026-02-17 13:54:38,2026-02-19 08:21:14,Shipped,US,Platform,Standard,PROD-35,Seasoning,1,USD,9.99,,6.57,,Hong Kong,New Territories,HK,Standard,False
ORD-0423,2026-02-17 13:30:39,2026-02-18 12:24:22,Shipped,US,Platform,Expedited,PROD-07,Snack,1,USD,13.99,,,,DENVER,CO,US,Standard,False
ORD-0480,2026-02-17 05:48:56,2026-02-18 06:18:09,Shipped,US,Platform,Expedited,PROD-43,Smoked Salt,1,USD,13.99,,,,HUMBLE,TX,US,Standard,False
ORD-0564,2026-02-17 05:45:16,2026-02-18 00:14:04,Shipped,US,Platform,SecondDay,PROD-37,Smoked Salt,1,USD,44.99,,,,Hudson,Florida,US,Standard,False
ORD-0564,2026-02-17 05:45:16,2026-02-18 00:14:04,Shipped,US,Platform,SecondDay,PROD-42,Smoked Salt,2,USD,39.98,,,,Hudson,Florida,US,Standard,False
ORD-0425,2026-02-17 05:31:30,2026-03-02 21:22:29,Cancelled,US,Platform,Expedited,PROD-43,Smoked Salt,0,,,,,,HUMBLE,TX,US,Standard,False
ORD-0101,2026-02-17 04:47:02,2026-02-17 18:57:51,Shipped,US,Platform,Expedited,PROD-50,Sauce,2,USD,19.98,,,,BELLEVUE,WA,US,Standard,False
ORD-0432,2026-02-17 04:09:17,2026-02-18 00:45:41,Shipped,US,Platform,Expedited,PROD-43,Smoked Salt,1,USD,13.99,,,,San Francisco,Ca,US,Standard,False
ORD-0387,2026-02-17 02:50:09,2026-02-17 19:08:48,Shipped,US,Platform,Expedited,PROD-52,Sauce,1,USD,9.99,0.3,,,FORT SMITH,AR,US,Standard,False
ORD-0601,2026-02-17 00:11:56,2026-02-18 00:34:38,Shipped,US,Platform,Expedited,PROD-07,Snack,1,USD,13.99,,,,LAS VEGAS,NV,US,Standard,False
ORD-0295,2026-02-17 00:07:01,2026-02-17 07:23:40,Shipped,US,Platform,Expedited,PROD-42,Smoked Salt,1,USD,19.99,,,,EL CAJON,CA,US,Standard,False
ORD-0295,2026-02-17 00:07:01,2026-02-17 07:23:40,Shipped,US,Platform,Expedited,PROD-45,Sauce,1,USD,9.99,,,,EL CAJON,CA,US,Standard,False
ORD-0268,2026-02-16 22:37:09,2026-02-19 11:36:47,Shipped,US,Platform,Expedited,PROD-43,Smoked Salt,1,USD,13.99,0.14,,,BRACEVILLE,IL,US,Standard,False
ORD-0495,2026-02-16 22:18:09,2026-02-17 13:47:12,Shipped,US,Platform,Expedited,PROD-45,Sauce,1,USD,9.99,0.3,,,HERRIMAN,UT,US,Standard,False
ORD-0445,2026-02-16 21:00:06,2026-02-17 00:11:16,Shipped,US,Platform,Expedited,PROD-09,Snack,1,USD,13.99,,,,MAPLE VALLEY,WA,US,Standard,False
ORD-0113,2026-02-16 19:02:24,2026-02-17 16:14:47,Shipped,US,Platform,Expedited,PROD-48,Sauce,1,USD,9.99,,,,COLUMBUS,OH,US,Standard,False
ORD-0180,2026-02-16 18:08:34,2026-02-17 02:14:39,Shipped,US,Platform,Expedited,PROD-43,Smoked Salt,1,USD,13.99,,,,CULVER CITY,CA,US,Standard,False
ORD-0451,2026-02-16 16:53:50,2026-02-16 20:06:39,Cancelled,US,Platform,Expedited,PROD-48,Sauce,0,,,,,,DALLAS,TX,US,Standard,False
ORD-0494,2026-02-16 16:07:39,2026-02-17 02:26:52,Shipped,US,Platform,Expedited,PROD-43,Smoked Salt,1,USD,13.99,1.11,,,LAS CRUCES,NM,US,Standard,False
ORD-0482,2026-02-16 14:11:26,2026-02-18 17:17:31,Shipped,US,Platform,Expedited,PROD-21,Seasoning,1,USD,9.99,,,,MORGANTOWN,WV,US,Standard,False
ORD-0482,2026-02-16 14:11:26,2026-02-18 17:17:31,Shipped,US,Platform,Expedited,PROD-43,Smoked Salt,1,USD,13.99,,,,MORGANTOWN,WV,US,Standard,False
ORD-0482,2026-02-16 14:11:26,2026-02-18 17:17:31,Shipped,US,Platform,Expedited,PROD-09,Snack,1,USD,13.99,,,,MORGANTOWN,WV,US,Standard,False
ORD-0482,2026-02-16 14:11:26,2026-02-18 17:17:31,Shipped,US,Platform,Expedited,PROD-07,Snack,1,USD,13.99,,,,MORGANTOWN,WV,US,Standard,False
ORD-0482,2026-02-16 14:11:26,2026-02-18 17:17:31,Shipped,US,Platform,Expedited,PROD-35,Seasoning,1,USD,9.99,,,,MORGANTOWN,WV,US,Standard,False
ORD-0374,2026-02-16 02:51:21,2026-02-17 02:24:54,Shipped,US,Platform,Expedited,PROD-42,Smoked Salt,1,USD,19.99,,,,TOWSON,MD,US,Standard,False
ORD-0315,2026-02-16 02:27:45,2026-02-16 19:42:13,Shipped,US,Platform,Expedited,PROD-43,Smoked Salt,1,USD,13.99,,,,WARREN,MI,US,Standard,False
ORD-0152,2026-02-16 01:56:07,2026-02-16 12:09:01,Shipped,US,Platform,Expedited,PROD-48,Sauce,1,USD,9.99,,,,VALPARAISO,IN,US,Standard,False
ORD-0172,2026-02-15 22:31:09,2026-02-18 01:26:27,Shipped,US,Platform,Expedited,PROD-43,Smoked Salt,1,USD,13.99,,,,EAST HAMPTON,NY,US,Standard,False
ORD-0234,2026-02-15 21:40:11,2026-02-16 05:46:52,Shipped,US,Platform,Expedited,PROD-43,Smoked Salt,1,USD,13.99,,,,WESTON,FL,US,Standard,False
ORD-0307,2026-02-15 20:55:17,2026-02-17 04:52:29,Shipped,US,Platform,Expedited,PROD-16,Bundle,1,USD,35.99,,,,MCALLEN,TX,US,Standard,False
ORD-0307,2026-02-15 20:55:17,2026-02-17 04:52:29,Shipped,US,Platform,Expedited,PROD-43,Smoked Salt,1,USD,13.99,,,,MCALLEN,TX,US,Standard,False
ORD-0307,2026-02-15 20:55:17,2026-02-17 04:52:29,Shipped,US,Platform,Expedited,PROD-32,Seasoning,1,USD,9.99,,,,MCALLEN,TX,US,Standard,False
ORD-0458,2026-02-15 19:44:06,2026-02-17 06:19:07,Shipped,US,Platform,Expedited,PROD-43,Smoked Salt,1,USD,13.99,,,,CAMBRIDGE,MA,US,Standard,False
ORD-0165,2026-02-15 19:33:05,2026-02-16 06:07:51,Shipped,US,Platform,Expedited,PROD-45,Sauce,1,USD,9.99,,,,Rockledge,Florida,US,Standard,False
ORD-0318,2026-02-15 19:25:36,2026-02-16 00:34:16,Shipped,US,Platform,Expedited,PROD-43,Smoked Salt,1,USD,13.99,,,,JUPITER,FL,US,Standard,False
ORD-0137,2026-02-15 19:14:13,2026-02-19 09:37:53,Shipped,US,Platform,Standard,PROD-43,Smoked Salt,1,USD,13.99,,1.58,,Efland,NC,US,Standard,True
ORD-0411,2026-02-15 16:45:30,2026-02-15 23:07:48,Shipped,US,Platform,Expedited,PROD-35,Seasoning,1,USD,9.99,0.4,,,EASTMAN,GA,US,Standard,False
ORD-0198,2026-02-15 15:35:30,2026-02-16 14:46:48,Shipped,US,Platform,Expedited,PROD-43,Smoked Salt,1,USD,13.99,0.24,,,LOCKPORT,IL,US,Standard,False
ORD-0586,2026-02-15 06:20:31,2026-02-17 00:26:12,Shipped,US,Platform,Standard,PROD-52,Sauce,1,USD,9.99,,,,FPO,AE,US,Standard,False
ORD-0259,2026-02-15 04:33:39,2026-02-15 17:15:33,Shipped,US,Platform,Expedited,PROD-50,Sauce,1,USD,9.99,,,,LANCASTER,OH,US,Standard,False
ORD-0233,2026-02-15 04:05:15,2026-02-15 14:58:01,Shipped,US,Platform,Expedited,PROD-07,Snack,1,USD,13.99,,,,NEW YORK,NY,US,Standard,False
ORD-0116,2026-02-15 03:27:04,2026-02-16 04:00:49,Shipped,US,Platform,NextDay,PROD-43,Smoked Salt,1,USD,13.99,,,,FRANKSVILLE,WI,US,Standard,False
ORD-0121,2026-02-15 02:12:49,2026-02-15 09:22:33,Shipped,US,Platform,Expedited,PROD-09,Snack,1,USD,13.99,,,,MAGNOLIA,TX,US,Standard,False
ORD-0464,2026-02-15 02:06:25,2026-02-17 18:23:40,Shipped,US,Platform,Standard,PROD-43,Smoked Salt,1,USD,13.99,,6.99,,LAREDO,TX,US,Standard,False
ORD-0508,2026-02-15 00:15:59,2026-02-15 06:49:50,Shipped,US,Platform,Expedited,PROD-43,Smoked Salt,1,USD,13.99,,,,FORT MYERS,FL,US,Standard,False
ORD-0377,2026-02-15 00:08:20,2026-02-15 22:05:46,Shipped,US,Platform,Expedited,PROD-42,Smoked Salt,1,USD,19.99,0.6,,,Hurricane,UT,US,Standard,False
ORD-0385,2026-02-14 22:57:42,2026-02-17 13:18:35,Shipped,US,Platform,Standard,PROD-18,Bundle,1,USD,55.99,,1.4,,MIAMI,FL,US,Standard,False
ORD-0385,2026-02-14 22:57:42,2026-02-17 13:18:35,Shipped,US,Platform,Standard,PROD-42,Smoked Salt,1,USD,19.99,,0.45,,MIAMI,FL,US,Standard,False
ORD-0225,2026-02-14 22:41:32,2026-02-15 06:34:51,Shipped,US,Platform,Expedited,PROD-43,Smoked Salt,1,USD,13.99,,,,HAMPTON,NH,US,Standard,False
ORD-0588,2026-02-14 22:08:59,2026-02-15 06:14:22,Shipped,US,Platform,Expedited,PROD-42,Smoked Salt,1,USD,19.99,0.7,,,MARRERO,LA,US,Standard,False
ORD-0489,2026-02-14 21:08:20,2026-02-16 12:58:27,Shipped,US,Platform,Expedited,PROD-32,Seasoning,1,USD,9.99,,,,MISSOULA,MT,US,Standard,False
ORD-0348,2026-02-14 19:06:12,2026-02-15 02:21:32,Shipped,US,Platform,Expedited,PROD-16,Bundle,1,USD,35.99,,,,MIAMI,FL,US,Standard,False
ORD-0128,2026-02-14 18:50:03,2026-02-15 10:28:58,Shipped,US,Platform,SecondDay,PROD-07,Snack,2,USD,27.98,,,,GREENCASTLE,PA,US,Standard,False
ORD-0611,2026-02-14 17:29:20,2026-02-14 23:39:54,Shipped,US,Platform,Expedited,PROD-45,Sauce,1,USD,9.99,0.12,,,CHICAGO,IL,US,Standard,False
ORD-0446,2026-02-14 15:58:53,2026-02-14 22:09:28,Shipped,US,Platform,Expedited,PROD-16,Bundle,1,USD,35.99,,,,FRESNO,TX,US,Standard,False
ORD-0286,2026-02-14 15:46:57,2026-02-15 02:42:40,Shipped,US,Platform,Expedited,PROD-43,Smoked Salt,1,USD,13.99,,,,CEDAR HILL,TX,US,Standard,False
ORD-0572,2026-02-14 10:37:17,2026-02-16 10:17:36,Shipped,US,Platform,Standard,PROD-43,Smoked Salt,1,USD,13.99,,1.93,,DOUGLASS,KS,US,Standard,False
ORD-0044,2026-02-14 03:09:30,2026-02-15 23:02:39,Shipped,US,Platform,Expedited,PROD-07,Snack,1,USD,13.99,,,,New York,NY,US,Standard,False
ORD-0108,2026-02-14 01:46:28,2026-02-17 02:28:35,Cancelled,US,Platform,Expedited,PROD-52,Sauce,0,,,,,,CORNERSVILLE,TN,US,Standard,False
ORD-0523,2026-02-13 20:50:33,2026-02-14 04:13:05,Shipped,US,Platform,Expedited,PROD-43,Smoked Salt,1,USD,13.99,,,,SUNNY ISLES BEACH,FL,US,Standard,False
ORD-0558,2026-02-13 18:59:13,2026-02-15 07:29:23,Shipped,US,Platform,Expedited,PROD-43,Smoked Salt,1,USD,13.99,,,,NEW FREEDOM,PA,US,Standard,False
ORD-0134,2026-02-13 18:58:55,2026-02-14 05:53:06,Shipped,US,Platform,Expedited,PROD-43,Smoked Salt,1,USD,13.99,,,,NEW FREEDOM,PA,US,Standard,False
ORD-0441,2026-02-13 14:06:41,2026-02-14 08:58:53,Shipped,US,Platform,Expedited,PROD-43,Smoked Salt,1,USD,13.99,,,,HAMILTON,OH,US,Standard,False
ORD-0062,2026-02-13 13:44:41,2026-02-14 00:11:16,Shipped,US,Platform,Expedited,PROD-52,Sauce,1,USD,9.99,,,,TAMPA,FL,US,Standard,False
ORD-0045,2026-02-13 04:13:36,2026-02-15 06:31:16,Shipped,US,Platform,Expedited,PROD-43,Smoked Salt,1,USD,13.99,,,,WATERBURY,CT,US,Standard,False
ORD-0170,2026-02-13 03:16:13,2026-02-13 22:29:50,Shipped,US,Platform,Expedited,PROD-42,Smoked Salt,1,USD,19.99,,,,EDINBURG,TX,US,Standard,False
ORD-0066,2026-02-12 23:54:53,2026-02-18 22:44:40,Cancelled,US,Platform,Standard,PROD-06,Snack,0,,,,,,KYLE,TX,US,Standard,False
ORD-0284,2026-02-12 21:55:22,2026-02-13 23:23:13,Shipped,US,Platform,Expedited,PROD-18,Bundle,1,USD,55.99,,,,GUTTENBERG,NJ,US,Standard,False
ORD-0086,2026-02-12 19:15:35,2026-02-14 19:48:08,Shipped,US,Platform,Expedited,PROD-43,Smoked Salt,1,USD,13.99,0.94,,,Mount Pleasant,TN,US,Standard,False
ORD-0243,2026-02-12 19:14:51,2026-02-13 06:29:59,Shipped,US,Platform,Expedited,PROD-07,Snack,1,USD,13.99,,,,RICHMOND,TX,US,Standard,False
ORD-0243,2026-02-12 19:14:51,2026-02-13 06:29:59,Shipped,US,Platform,Expedited,PROD-09,Snack,1,USD,13.99,,,,RICHMOND,TX,US,Standard,False
ORD-0187,2026-02-12 18:41:49,2026-02-18 14:41:18,Shipped,US,Platform,Expedited,PROD-43,Smoked Salt,1,USD,13.99,,,,MIAMI,FL,US,Standard,False
ORD-0327,2026-02-12 17:03:11,2026-02-15 05:59:49,Shipped,US,Platform,Standard,PROD-43,Smoked Salt,1,USD,13.99,,4.88,,MILWAUKEE,WI,US,Standard,False
ORD-0160,2026-02-12 16:35:48,2026-02-16 14:59:38,Shipped,US,Platform,Expedited,PROD-48,Sauce,1,USD,9.99,,,,EL PASO,TX,US,Standard,False
ORD-0013,2026-02-12 16:20:13,2026-02-14 02:46:26,Shipped,US,Platform,Expedited,PROD-43,Smoked Salt,1,USD,13.99,,,,BALTIMORE,MD,US,Standard,False
ORD-0036,2026-02-12 14:39:32,2026-02-13 04:23:51,Shipped,US,Platform,Expedited,PROD-43,Smoked Salt,1,USD,13.99,,,,HOUSTON,TX,US,Standard,False
ORD-0029,2026-02-12 13:35:43,2026-02-15 15:53:54,Shipped,US,Platform,Expedited,PROD-43,Smoked Salt,1,USD,13.99,,,,WESTLAKE,TX,US,Standard,False
ORD-0171,2026-02-12 12:50:15,2026-02-13 06:08:43,Shipped,US,Platform,Expedited,PROD-43,Smoked Salt,1,USD,13.99,0.52,,,Roswell,GA,US,Standard,True
ORD-0143,2026-02-12 03:39:33,2026-02-15 02:40:25,Shipped,US,Platform,Expedited,PROD-43,Smoked Salt,1,USD,13.99,,,,ORLANDO,FL,US,Standard,False
ORD-0237,2026-02-12 03:21:20,2026-02-13 02:04:00,Shipped,US,Platform,Expedited,PROD-52,Sauce,1,USD,9.99,,,,SAN FRANCISCO,CA,US,Standard,False
ORD-0497,2026-02-12 03:02:06,2026-02-13 18:42:00,Shipped,US,Platform,Expedited,PROD-21,Seasoning,1,USD,9.99,,,,BROWNSVILLE,TX,US,Standard,False
ORD-0517,2026-02-12 02:24:01,2026-02-12 22:37:15,Shipped,US,Platform,Expedited,PROD-43,Smoked Salt,1,USD,13.99,,,,MIRAMAR,FL,US,Standard,False
ORD-0582,2026-02-12 02:00:46,2026-02-12 20:42:45,Shipped,US,Platform,SecondDay,PROD-43,Smoked Salt,1,USD,13.99,,,,Yorba Linda,CA,US,Standard,False
ORD-0222,2026-02-11 23:55:00,2026-02-13 02:23:33,Shipped,US,Platform,Expedited,PROD-21,Seasoning,1,USD,9.99,0.79,,,CLOVIS,NM,US,Standard,False
ORD-0587,2026-02-11 23:08:52,2026-02-12 20:42:53,Shipped,US,Platform,Expedited,PROD-43,Smoked Salt,1,USD,13.99,,,,PORTLAND,OR,US,Standard,False
ORD-0096,2026-02-11 22:48:51,2026-02-12 23:25:09,Shipped,US,Platform,Expedited,PROD-32,Seasoning,1,USD,9.99,,,,SAN ANTONIO,TX,US,Standard,False
ORD-0096,2026-02-11 22:48:51,2026-02-12 23:25:09,Shipped,US,Platform,Expedited,PROD-42,Smoked Salt,1,USD,19.99,,,,SAN ANTONIO,TX,US,Standard,False
ORD-0052,2026-02-11 21:08:08,2026-02-12 00:28:47,Shipped,US,Platform,Expedited,PROD-18,Bundle,1,USD,55.99,,,,MIAMI,FL,US,Standard,False
ORD-0241,2026-02-11 20:26:07,2026-02-15 20:17:20,Shipped,US,Platform,Standard,PROD-43,Smoked Salt,1,USD,13.99,0.14,3.59,,Aguadilla,,PR,Standard,False
ORD-0525,2026-02-11 20:05:03,2026-02-12 02:39:09,Shipped,US,Platform,Expedited,PROD-52,Sauce,1,USD,9.99,,,,KERRVILLE,TX,US,Standard,False
ORD-0352,2026-02-11 19:53:09,2026-02-13 00:15:36,Shipped,US,Platform,Expedited,PROD-43,Smoked Salt,1,USD,13.99,,,,Monroe,WA,US,Standard,False
ORD-0533,2026-02-11 19:45:45,2026-02-12 03:13:28,Shipped,US,Platform,Standard,PROD-09,Snack,1,USD,13.99,,,,JACKSONVILLE,FL,US,Standard,True
ORD-0179,2026-02-11 19:13:17,2026-02-12 15:58:44,Shipped,US,Platform,Expedited,PROD-43,Smoked Salt,1,USD,13.99,,,,LAVEEN,AZ,US,Standard,False
ORD-0461,2026-02-11 18:10:57,2026-02-12 23:00:13,Shipped,US,Platform,Expedited,PROD-43,Smoked Salt,1,USD,13.99,,,,San Diego,CA,US,Standard,False
ORD-0543,2026-02-11 16:01:21,2026-02-14 14:01:19,Shipped,US,Platform,Expedited,PROD-43,Smoked Salt,1,USD,13.99,,,,OKEECHOBEE,FL,US,Standard,False
ORD-0042,2026-02-11 04:41:16,2026-02-16 00:58:54,Shipped,US,Platform,Expedited,PROD-43,Smoked Salt,1,USD,13.99,,,,CITRUS HEIGHTS,CA,US,Standard,False
ORD-0574,2026-02-11 03:36:22,2026-02-13 02:27:07,Shipped,US,Platform,Standard,PROD-43,Smoked Salt,1,USD,13.99,,3.08,,Doral,FL,US,Standard,False
ORD-0539,2026-02-11 00:11:19,2026-02-13 01:56:47,Shipped,US,Platform,Expedited,PROD-52,Sauce,3,USD,29.97,,,,SOMERVILLE,MA,US,Standard,False
ORD-0207,2026-02-10 22:46:19,2026-02-11 18:42:35,Shipped,US,Platform,Expedited,PROD-43,Smoked Salt,1,USD,13.99,,,,AUSTIN,TX,US,Standard,False
ORD-0393,2026-02-10 20:41:19,2026-02-16 23:23:43,Shipped,US,Platform,Expedited,PROD-48,Sauce,1,USD,9.99,,,,SHELBYVILLE,KY,US,Standard,False
ORD-0283,2026-02-10 19:29:57,2026-02-16 18:18:21,Shipped,US,Platform,Expedited,PROD-48,Sauce,3,USD,29.97,1.26,,,BENTON,LA,US,Standard,False
ORD-0359,2026-02-10 19:28:26,2026-02-11 15:40:22,Shipped,US,Platform,Expedited,PROD-52,Sauce,3,USD,29.97,1.26,,,BENTON,LA,US,Standard,False
ORD-0398,2026-02-10 19:11:21,2026-02-11 05:12:16,Shipped,US,Platform,Expedited,PROD-06,Snack,2,USD,27.98,,,,CONROE,TX,US,Standard,False
ORD-0255,2026-02-10 16:44:18,2026-02-10 22:55:53,Shipped,US,Platform,Expedited,PROD-52,Sauce,1,USD,9.99,,,,AZLE,TX,US,Standard,False
ORD-0518,2026-02-10 16:29:50,2026-02-11 05:10:10,Shipped,US,Platform,Expedited,PROD-43,Smoked Salt,1,USD,13.99,,,,LEHIGH ACRES,FL,US,Standard,False
ORD-0218,2026-02-10 15:50:42,2026-02-16 18:11:33,Cancelled,US,Platform,Standard,PROD-43,Smoked Salt,0,,,,,,ROCKVILLE,MD,US,Standard,False
ORD-0005,2026-02-10 03:29:38,2026-02-11 03:24:49,Shipped,US,Platform,Expedited,PROD-07,Snack,1,USD,13.99,,,,COLLEGE POINT,NY,US,Standard,False
ORD-0550,2026-02-10 01:08:48,2026-02-10 08:49:10,Shipped,US,Platform,Expedited,PROD-43,Smoked Salt,1,USD,13.99,,,,Saint Augustine,Florida,US,Standard,False
ORD-0099,2026-02-09 22:58:54,2026-02-10 22:48:03,Shipped,US,Platform,Expedited,PROD-21,Seasoning,1,USD,9.99,,,,JOAQUIN,TX,US,Standard,False
ORD-0099,2026-02-09 22:58:54,2026-02-10 22:48:03,Shipped,US,Platform,Expedited,PROD-35,Seasoning,1,USD,9.99,,,,JOAQUIN,TX,US,Standard,False
ORD-0099,2026-02-09 22:58:54,2026-02-10 22:48:03,Shipped,US,Platform,Expedited,PROD-43,Smoked Salt,1,USD,13.99,,,,JOAQUIN,TX,US,Standard,False
ORD-0407,2026-02-09 21:12:37,2026-02-10 07:13:29,Shipped,US,Platform,Expedited,PROD-43,Smoked Salt,1,USD,13.99,,1.5,,Tacoma,WA,US,Standard,False
ORD-0503,2026-02-09 19:07:10,2026-02-11 00:07:24,Shipped,US,Platform,Expedited,PROD-43,Smoked Salt,1,USD,13.99,0.94,,,SMYRNA,TN,US,Standard,False
ORD-0048,2026-02-09 16:36:30,2026-02-11 01:18:16,Shipped,US,Platform,Expedited,PROD-43,Smoked Salt,1,USD,13.99,,,,ASTOR,FL,US,Standard,False
ORD-0033,2026-02-09 13:06:26,2026-02-12 06:09:26,Shipped,US,Platform,Expedited,PROD-34,Seasoning,1,USD,9.99,0.8,,,ENTERPRISE,AL,US,Standard,False
ORD-0201,2026-02-09 12:27:29,2026-03-03 17:44:17,Shipped,US,Platform,Expedited,PROD-07,Snack,1,USD,13.99,,,,ALLISON,IA,US,Standard,False
ORD-0135,2026-02-09 02:29:15,2026-02-09 21:07:11,Shipped,US,Platform,Expedited,PROD-43,Smoked Salt,1,USD,13.99,0.14,,,SPOTSYLVANIA,VA,US,Standard,False
ORD-0028,2026-02-09 01:53:32,2026-02-16 04:56:22,Shipped,US,Platform,Expedited,PROD-52,Sauce,1,USD,9.99,,,,PASADENA,TX,US,Standard,False
ORD-0028,2026-02-09 01:53:32,2026-02-16 04:56:22,Shipped,US,Platform,Expedited,PROD-48,Sauce,1,USD,9.99,,,,PASADENA,TX,US,Standard,False
ORD-0541,2026-02-09 01:52:05,2026-02-10 01:57:40,Shipped,US,Platform,Expedited,PROD-43,Smoked Salt,1,USD,13.99,0.94,,,GERMANTOWN,TN,US,Standard,False
ORD-0231,2026-02-09 01:50:57,2026-02-10 22:10:31,Shipped,US,Platform,Expedited,PROD-43,Smoked Salt,1,USD,13.99,0.94,,,GERMANTOWN,TN,US,Standard,False
ORD-0490,2026-02-09 01:24:01,2026-02-10 09:44:23,Shipped,US,Platform,Expedited,PROD-07,Snack,1,USD,13.99,,,,RICHMOND,IN,US,Standard,False
ORD-0379,2026-02-09 01:05:25,2026-02-10 10:06:56,Shipped,US,Platform,Expedited,PROD-43,Smoked Salt,2,USD,27.98,,,,EAST WENATCHEE,WA,US,Standard,False
ORD-0289,2026-02-09 00:56:58,2026-02-11 20:15:53,Shipped,US,Platform,Expedited,PROD-07,Snack,1,USD,13.99,,,,SAN ANTONIO,TX,US,Standard,False
ORD-0419,2026-02-09 00:44:55,2026-02-09 16:28:06,Shipped,US,Platform,Expedited,PROD-43,Smoked Salt,2,USD,27.98,,,,MIAMI,FL,US,Standard,False
ORD-0392,2026-02-09 00:15:36,2026-03-10 12:22:32,Shipped,US,Platform,Expedited,PROD-05,Bundle,1,USD,35.99,,,,ONTARIO,CA,US,Standard,False
ORD-0499,2026-02-09 00:06:37,2026-02-11 08:37:51,Shipped,US,Platform,Expedited,PROD-42,Smoked Salt,1,USD,19.99,,,,MERRITT ISLAND,FL,US,Standard,False
ORD-0139,2026-02-08 23:33:30,2026-02-09 16:26:11,Shipped,US,Platform,Expedited,PROD-43,Smoked Salt,1,USD,13.99,,,,FORT MYERS,FL,US,Standard,False
ORD-0063,2026-02-08 23:15:10,2026-02-09 19:52:00,Shipped,US,Platform,Expedited,PROD-43,Smoked Salt,1,USD,13.99,0.14,,,KING GEORGE,VA,US,Standard,False
ORD-0472,2026-02-08 22:55:23,2026-02-09 17:07:41,Shipped,US,Platform,Expedited,PROD-52,Sauce,1,USD,9.99,0.2,,,Cornelius,NC,US,Standard,False
ORD-0129,2026-02-08 22:25:14,2026-02-12 10:10:35,Shipped,US,Platform,Expedited,PROD-07,Snack,1,USD,13.99,0.28,,,YADKINVILLE,NC,US,Standard,False
ORD-0604,2026-02-08 21:06:21,2026-02-09 18:38:13,Shipped,US,Platform,Expedited,PROD-09,Snack,3,USD,41.97,,,,BOSTON,MA,US,Standard,False
ORD-0521,2026-02-08 19:31:35,2026-02-09 13:24:14,Shipped,US,Platform,Expedited,PROD-50,Sauce,1,USD,9.99,,,,NOVI,MI,US,Standard,False
ORD-0065,2026-02-08 18:29:22,2026-02-08 20:26:35,Shipped,US,Platform,Expedited,PROD-16,Bundle,1,USD,35.99,0.72,,,LAWRENCEVILLE,GA,US,Standard,False
ORD-0015,2026-02-08 16:29:32,2026-02-09 00:45:15,Shipped,US,Platform,Expedited,PROD-43,Smoked Salt,1,USD,13.99,0.28,,,GILBERT,AZ,US,Standard,False
ORD-0157,2026-02-08 16:13:24,2026-02-17 15:48:47,Shipped,US,Platform,Expedited,PROD-42,Smoked Salt,1,USD,19.99,,,,ODESSA,TX,US,Standard,False
ORD-0041,2026-02-08 16:12:25,2026-02-09 16:23:09,Shipped,US,Platform,Expedited,PROD-52,Sauce,1,USD,9.99,0.62,,,CHAPEL HILL,TN,US,Standard,False
ORD-0493,2026-02-08 15:04:08,2026-02-11 21:48:56,Shipped,US,Platform,Expedited,PROD-52,Sauce,1,USD,9.99,,,,SIDNEY,MT,US,Standard,False
ORD-0380,2026-02-08 14:52:18,2026-02-08 20:36:22,Shipped,US,Platform,Expedited,PROD-35,Seasoning,1,USD,9.99,,,,LAREDO,TEXAS,US,Standard,True
ORD-0188,2026-02-08 11:02:39,2026-02-09 03:00:58,Shipped,US,Platform,Expedited,PROD-52,Sauce,1,USD,9.99,,,,Woodland,CA,US,Standard,False
ORD-0217,2026-02-08 01:42:19,2026-02-09 06:19:59,Shipped,US,Platform,Expedited,PROD-43,Smoked Salt,2,USD,27.98,,,,HOCKLEY,TX,US,Standard,False
ORD-0053,2026-02-07 23:48:45,2026-02-11 22:35:49,Shipped,US,Platform,Expedited,PROD-52,Sauce,1,USD,9.99,,,,BOSTON,MA,US,Standard,False
ORD-0338,2026-02-07 21:37:33,2026-02-10 04:46:03,Shipped,US,Platform,Expedited,PROD-43,Smoked Salt,1,USD,13.99,,,,EL PASO,TX,US,Standard,False
ORD-0296,2026-02-07 20:29:19,2026-02-08 07:28:42,Shipped,US,Platform,Expedited,PROD-43,Smoked Salt,1,USD,13.99,,,,PEMBROKE PINES,FL,US,Standard,False
ORD-0252,2026-02-07 20:26:39,2026-02-13 03:55:47,Shipped,US,Platform,Expedited,PROD-19,Accessory,1,USD,99.99,9.37,,,SAN JOSE,CA,US,Standard,False
ORD-0462,2026-02-07 17:20:10,2026-02-09 05:13:13,Shipped,US,Platform,Expedited,PROD-07,Snack,1,USD,13.99,,,,SAN FRANCISCO,CA,US,Standard,False
ORD-0456,2026-02-07 15:30:40,2026-02-09 04:24:03,Shipped,US,Platform,SecondDay,PROD-52,Sauce,1,USD,9.99,,,,SPRING HILL,FL,US,Standard,False
ORD-0619,2026-02-07 14:46:51,2026-02-10 06:05:03,Shipped,US,Platform,Expedited,PROD-07,Snack,1,USD,13.99,0.28,,,BELMONT,NC,US,Standard,False
ORD-0270,2026-02-07 14:05:49,2026-02-08 06:02:20,Shipped,US,Platform,Expedited,PROD-07,Snack,1,USD,13.99,,,,AUSTIN,TX,US,Standard,False
ORD-0202,2026-02-07 05:19:19,2026-02-08 02:16:23,Shipped,US,Platform,Expedited,PROD-43,Smoked Salt,1,USD,13.99,,,,PASADENA,TX,US,Standard,False
ORD-0162,2026-02-07 00:28:49,2026-02-07 11:26:24,Shipped,US,Platform,Expedited,PROD-43,Smoked Salt,1,USD,13.99,,,,SICKLERVILLE,NJ,US,Standard,False
ORD-0556,2026-02-06 23:35:34,2026-02-10 15:19:05,Shipped,US,Platform,Expedited,PROD-42,Smoked Salt,1,USD,19.99,0.2,,,VIRGINIA BEACH,VA,US,Standard,False
ORD-0402,2026-02-06 22:53:54,2026-02-09 07:00:24,Shipped,US,Platform,Standard,PROD-43,Smoked Salt,1,USD,13.99,0.35,0.28,,AVONDALE,AZ,US,Standard,False
ORD-0402,2026-02-06 22:53:54,2026-02-09 07:00:24,Shipped,US,Platform,Standard,PROD-16,Bundle,2,USD,71.98,1.8,3.33,,AVONDALE,AZ,US,Standard,False
ORD-0402,2026-02-06 22:53:54,2026-02-09 07:00:24,Shipped,US,Platform,Standard,PROD-18,Bundle,1,USD,55.99,1.4,0.95,,AVONDALE,AZ,US,Standard,False
ORD-0477,2026-02-06 21:47:16,2026-02-07 05:50:18,Shipped,US,Platform,Expedited,PROD-56,Bundle,1,USD,35.99,,,,MADISON HEIGHTS,MI,US,Standard,False
ORD-0106,2026-02-06 14:31:32,2026-02-07 09:12:38,Shipped,US,Platform,Expedited,PROD-50,Sauce,1,USD,9.99,,,,MAGNOLIA,TX,US,Standard,False
ORD-0390,2026-02-06 11:15:31,2026-02-07 02:27:18,Shipped,US,Platform,SecondDay,PROD-43,Smoked Salt,1,USD,13.99,,,,GLEN BURNIE,MD,US,Standard,False
ORD-0002,2026-02-06 05:26:19,2026-02-10 01:44:08,Shipped,US,Platform,Standard,PROD-43,Smoked Salt,1,USD,13.99,,1.3,,ROCKFORD,IL,US,Standard,False
ORD-0578,2026-02-06 04:32:11,2026-02-07 10:22:28,Shipped,US,Platform,Expedited,PROD-16,Bundle,1,USD,35.99,0.72,,,CASA GRANDE,AZ,US,Standard,False
ORD-0562,2026-02-06 02:45:25,2026-02-11 19:12:21,Shipped,US,Platform,Standard,PROD-43,Smoked Salt,1,USD,13.99,0.14,,,Lares,PR,US,Standard,False
ORD-0081,2026-02-06 02:19:33,2026-02-13 03:52:35,Shipped,US,Platform,NextDay,PROD-19,Accessory,1,USD,99.99,10.35,,,CHINO VALLEY,AZ,US,Standard,False
ORD-0206,2026-02-06 00:56:55,2026-02-07 02:44:00,Shipped,US,Platform,Expedited,PROD-50,Sauce,1,USD,9.99,,,,ROYSE CITY,TX,US,Standard,False
ORD-0035,2026-02-06 00:49:28,2026-02-07 02:31:44,Shipped,US,Platform,Expedited,PROD-42,Smoked Salt,1,USD,19.99,,,,TUCSON,AZ,US,Standard,False
ORD-0509,2026-02-05 20:57:37,2026-02-06 22:14:57,Shipped,US,Platform,Expedited,PROD-42,Smoked Salt,1,USD,19.99,,,,ROCKPORT,TX,US,Standard,False
ORD-0428,2026-02-05 20:03:09,2026-02-19 21:22:41,Shipped,US,Platform,Standard,PROD-07,Snack,1,USD,13.99,,,,KIHEI,HI,US,Standard,True
ORD-0428,2026-02-05 20:03:09,2026-02-19 21:22:41,Shipped,US,Platform,Standard,PROD-09,Snack,1,USD,13.99,,,,KIHEI,HI,US,Standard,True
ORD-0428,2026-02-05 20:03:09,2026-02-19 21:22:41,Shipped,US,Platform,Standard,PROD-09,Snack,4,USD,55.96,,,,KIHEI,HI,US,Standard,True
ORD-0428,2026-02-05 20:03:09,2026-02-19 21:22:41,Shipped,US,Platform,Standard,PROD-07,Snack,4,USD,55.96,,,,KIHEI,HI,US,Standard,True
ORD-0455,2026-02-05 19:25:32,2026-02-06 09:25:59,Shipped,US,Platform,Expedited,PROD-50,Sauce,1,USD,9.99,,,,WESTON,FL,US,Standard,False
ORD-0367,2026-02-05 17:26:22,2026-02-07 23:45:09,Shipped,US,Platform,Expedited,PROD-43,Smoked Salt,1,USD,13.99,,,,SAN ANTONIO,TX,US,Standard,False
ORD-0092,2026-02-05 15:54:56,2026-02-05 23:59:33,Shipped,US,Platform,Expedited,PROD-18,Bundle,1,USD,55.99,,,,MELBOURNE,FL,US,Standard,False
ORD-0340,2026-02-05 15:02:46,2026-02-05 21:28:22,Shipped,US,Platform,Expedited,PROD-42,Smoked Salt,2,USD,39.98,,,,CAPE CORAL,FL,US,Standard,False
ORD-0565,2026-02-05 13:37:51,2026-02-07 02:29:02,Shipped,US,Platform,Expedited,PROD-45,Sauce,1,USD,9.99,,,,ROCHESTER HILLS,MI,US,Standard,False
ORD-0565,2026-02-05 13:37:51,2026-02-07 02:29:02,Shipped,US,Platform,Expedited,PROD-52,Sauce,1,USD,9.99,,,,ROCHESTER HILLS,MI,US,Standard,False
ORD-0346,2026-02-05 09:32:20,2026-02-06 00:38:36,Shipped,US,Platform,Expedited,PROD-43,Smoked Salt,1,USD,13.99,,,,PARKVILLE,MD,US,Standard,False
ORD-0242,2026-02-05 05:09:20,2026-02-06 04:33:29,Shipped,US,Platform,Expedited,PROD-43,Smoked Salt,1,USD,13.99,,,,ELK GROVE,CA,US,Standard,True
ORD-0014,2026-02-05 04:17:29,2026-02-18 14:58:54,Shipped,US,Platform,Expedited,PROD-07,Snack,1,USD,13.99,,,,PHOENIX,AZ,US,Standard,False
ORD-0316,2026-02-05 03:49:29,2026-02-06 02:21:04,Shipped,US,Platform,Expedited,PROD-52,Sauce,2,USD,19.98,,,,SAN FRANCISCO,CA,US,Standard,False
ORD-0388,2026-02-04 21:56:42,2026-02-05 19:55:03,Shipped,US,Platform,Expedited,PROD-52,Sauce,1,USD,9.99,,,,PRESCOTT,AZ,US,Standard,False
ORD-0274,2026-02-04 20:54:34,2026-02-05 04:03:03,Shipped,US,Platform,Expedited,PROD-06,Snack,1,USD,13.99,,,,WILDWOOD,FL,US,Standard,False
ORD-0167,2026-02-04 19:06:08,2026-02-06 18:23:08,Shipped,US,Platform,Expedited,PROD-43,Smoked Salt,1,USD,13.99,,,,West Roxbury,MA,US,Standard,False
ORD-0616,2026-02-04 15:04:09,2026-02-05 18:35:47,Shipped,US,Platform,Expedited,PROD-07,Snack,1,USD,13.99,,,,SAN ANTONIO,TX,US,Standard,False
ORD-0485,2026-02-04 13:57:17,2026-02-09 16:14:51,Shipped,US,Platform,Expedited,PROD-32,Seasoning,1,USD,9.99,,,,PITTSFIELD,VT,US,Standard,False
ORD-0606,2026-02-04 12:07:48,2026-02-05 01:41:11,Shipped,US,Platform,Expedited,PROD-06,Snack,1,USD,13.99,,,,PHARR,TX,US,Standard,False
ORD-0505,2026-02-04 04:39:29,2026-02-05 14:47:29,Cancelled,US,Platform,Standard,PROD-43,Smoked Salt,0,,,,,,CHARLESTON,SC,US,Standard,False
ORD-0244,2026-02-04 02:46:26,2026-02-16 23:13:24,Shipped,US,Platform,Expedited,PROD-50,Sauce,1,USD,9.99,0.41,,,OKLAHOMA CITY,OK,US,Standard,False
ORD-0244,2026-02-04 02:46:26,2026-02-16 23:13:24,Shipped,US,Platform,Expedited,PROD-52,Sauce,1,USD,9.99,0.41,,,OKLAHOMA CITY,OK,US,Standard,False
ORD-0244,2026-02-04 02:46:26,2026-02-16 23:13:24,Shipped,US,Platform,Expedited,PROD-21,Seasoning,2,USD,19.98,0.82,,,OKLAHOMA CITY,OK,US,Standard,False
ORD-0244,2026-02-04 02:46:26,2026-02-16 23:13:24,Shipped,US,Platform,Expedited,PROD-48,Sauce,1,USD,9.99,0.41,,,OKLAHOMA CITY,OK,US,Standard,False
ORD-0567,2026-02-04 02:29:11,2026-02-15 11:20:18,Shipped,US,Platform,Expedited,PROD-43,Smoked Salt,1,USD,13.99,,,,CITRUS HEIGHTS,CA,US,Standard,False
ORD-0563,2026-02-04 01:57:35,2026-02-04 07:38:23,Shipped,US,Platform,Expedited,PROD-06,Snack,1,USD,13.99,,,,LONGWOOD,FL,US,Standard,False
ORD-0190,2026-02-04 00:54:24,2026-02-05 13:24:52,Shipped,US,Platform,Expedited,PROD-43,Smoked Salt,1,USD,13.99,,,,SPRING,TX,US,Standard,False
ORD-0476,2026-02-03 20:43:52,2026-02-05 16:21:00,Shipped,US,Platform,Expedited,PROD-42,Smoked Salt,1,USD,19.99,,,,CAPE CORAL,FL,US,Standard,False
ORD-0511,2026-02-03 19:16:44,2026-02-10 13:13:38,Shipped,US,Platform,Expedited,PROD-43,Smoked Salt,1,USD,13.99,,,,CHAPLIN,CONNECTICUT,US,Standard,False
ORD-0059,2026-02-03 18:01:25,2026-02-04 17:56:48,Shipped,US,Platform,Expedited,PROD-43,Smoked Salt,1,USD,13.99,,,,HIALEAH,FL,US,Standard,False
ORD-0475,2026-02-03 17:59:14,2026-02-04 19:39:33,Shipped,US,Platform,Expedited,PROD-32,Seasoning,1,USD,9.99,,,,PORT ARTHUR,TX,US,Standard,False
ORD-0561,2026-02-03 17:08:19,2026-02-04 15:12:16,Shipped,US,Platform,Expedited,PROD-07,Snack,1,USD,13.99,,,,FORT WORTH,TX,US,Standard,False
ORD-0253,2026-02-03 17:04:36,2026-02-04 05:40:43,Shipped,US,Platform,Expedited,PROD-43,Smoked Salt,1,USD,13.99,,,,HOUSTON,TX,US,Standard,False
ORD-0022,2026-02-03 15:49:47,2026-02-05 10:40:13,Shipped,US,Platform,Expedited,PROD-07,Snack,1,USD,13.99,,,,MERRITT ISLAND,FL,US,Standard,False
ORD-0314,2026-02-03 05:30:07,2026-02-04 18:04:08,Shipped,US,Platform,Expedited,PROD-52,Sauce,1,USD,9.99,,,,SUN VALLEY,NV,US,Standard,False
ORD-0460,2026-02-03 03:17:58,2026-02-03 14:25:41,Shipped,US,Platform,Expedited,PROD-50,Sauce,1,USD,9.99,,,,DETROIT,MI,US,Standard,False
ORD-0161,2026-02-03 02:11:29,2026-02-03 23:17:18,Shipped,US,Platform,Expedited,PROD-32,Seasoning,1,USD,9.99,,,,SPRINGFIELD,PA,US,Standard,False
ORD-0277,2026-02-03 00:47:25,2026-02-06 07:12:15,Shipped,US,Platform,Expedited,PROD-43,Smoked Salt,1,USD,13.99,,,,COLORADO SPRINGS,CO,US,Standard,False
ORD-0192,2026-02-02 23:20:45,2026-02-03 05:05:35,Shipped,US,Platform,Expedited,PROD-43,Smoked Salt,1,USD,13.99,,,,SANTA ROSA,CA,US,Standard,False
ORD-0386,2026-02-02 22:35:55,2026-02-03 03:41:20,Shipped,US,Platform,Expedited,PROD-35,Seasoning,1,USD,9.99,,,,SUFFERN,NY,US,Standard,False
ORD-0414,2026-02-02 22:18:58,2026-02-05 09:10:47,Shipped,US,Platform,Expedited,PROD-32,Seasoning,1,USD,9.99,0.62,,,COLLIERVILLE,TN,US,Standard,False
ORD-0492,2026-02-02 22:05:20,2026-02-03 22:38:31,Shipped,US,Platform,Expedited,PROD-43,Smoked Salt,1,USD,13.99,,,,HANOVER TOWNSHIP,PA,US,Standard,False
ORD-0344,2026-02-02 19:38:24,2026-02-03 06:49:55,Shipped,US,Platform,Expedited,PROD-43,Smoked Salt,1,USD,13.99,,,,SANTA MONICA,CA,US,Standard,False
ORD-0309,2026-02-02 19:22:16,2026-02-03 13:30:19,Shipped,US,Platform,Expedited,PROD-42,Smoked Salt,1,USD,19.99,,,,REVERE,MA,US,Standard,False
ORD-0131,2026-02-02 15:03:52,2026-02-05 21:55:10,Shipped,US,Platform,Standard,PROD-34,Seasoning,1,USD,9.99,,0.05,,HOUSTON,TX,US,Standard,False
ORD-0100,2026-02-02 09:42:10,2026-02-02 18:48:20,Shipped,US,Platform,Standard,PROD-43,Smoked Salt,1,USD,13.99,,,,APO,AE,US,Standard,False
ORD-0373,2026-02-02 07:33:16,2026-02-03 08:43:30,Shipped,US,Platform,Expedited,PROD-06,Snack,1,USD,13.99,,,,SALEM,OR,US,Standard,False
ORD-0088,2026-02-02 04:58:13,2026-02-03 05:15:27,Shipped,US,Platform,Expedited,PROD-43,Smoked Salt,1,USD,13.99,,,,FORT WAYNE,IN,US,Standard,False
ORD-0459,2026-02-02 02:33:21,2026-02-14 21:07:40,Shipped,US,Platform,Expedited,PROD-48,Sauce,1,USD,9.99,,,,CYPRESS,TX,US,Standard,False
ORD-0331,2026-02-02 00:57:07,2026-02-02 08:26:48,Shipped,US,Platform,Expedited,PROD-03,Bundle,1,USD,46.99,,,,OCEANSIDE,CA,US,Standard,False
ORD-0215,2026-02-02 00:16:46,2026-02-05 21:15:17,Shipped,US,Platform,Standard,PROD-52,Sauce,1,USD,9.99,,6.99,,GREER,SC,US,Standard,False
ORD-0467,2026-02-01 23:17:02,2026-02-18 16:24:02,Shipped,US,Platform,Expedited,PROD-48,Sauce,1,USD,9.99,,,,NEW RICHMOND,WI,US,Standard,False
ORD-0122,2026-02-01 22:24:17,2026-02-03 06:06:46,Shipped,US,Platform,Expedited,PROD-43,Smoked Salt,1,USD,13.99,,,,BEAUMONT,TX,US,Standard,False
ORD-0615,2026-02-01 21:42:42,2026-02-02 11:24:42,Shipped,US,Platform,Expedited,PROD-43,Smoked Salt,1,USD,13.99,0.28,,,MARICOPA,AZ,US,Standard,False
ORD-0021,2026-02-01 21:10:13,2026-02-03 03:50:45,Shipped,US,Platform,Expedited,PROD-42,Smoked Salt,1,USD,19.99,,,,NEW YORK,NY,US,Standard,False
ORD-0072,2026-02-01 21:08:46,2026-02-01 21:09:49,Cancelled,US,Platform,Expedited,PROD-43,Smoked Salt,0,,,,,,NEW YORK,NY,US,Standard,False
ORD-0107,2026-02-01 20:43:03,2026-02-02 07:10:57,Shipped,US,Platform,Expedited,PROD-56,Bundle,1,USD,35.99,2.34,,,SHELBYVILLE,TN,US,Standard,False
ORD-0271,2026-02-01 17:14:11,2026-02-07 10:00:37,Shipped,US,Platform,Expedited,PROD-43,Smoked Salt,1,USD,13.99,0.78,,,Monte Vista,Colorado,US,Standard,False
ORD-0436,2026-02-01 16:03:50,2026-02-02 15:58:53,Shipped,US,Platform,Expedited,PROD-42,Smoked Salt,1,USD,19.99,,,,Hartsdale,NY,US,Standard,False
ORD-0103,2026-02-01 11:29:12,2026-02-07 03:39:48,Shipped,US,Platform,Standard,PROD-43,Smoked Salt,1,USD,13.99,,0.26,,AIRMONT,NY,US,Standard,False
